post_id,row_index,lat,lon,lat_header,lon_header,city,state,country,country_code,display_name
441,1,1.441968,38.431398,Project main location.lat,Project main location.lon,Merti,Isiolo,Kenya,KE,"Merti, Isiolo, Kenya"
442,2,9.600036,7.999972,Project main location.lat,Project main location.lon,Kurmin Musa,Kaduna State,Nigeria,NG,"Kurmin Musa, Kachia, Kaduna State, Nigeria"
443,3,52.795479,-0.54024,Project main location.lat,Project main location.lon,South Kesteven,England,United Kingdom,GB,"South Kesteven, Lincolnshire, Greater Lincolnshire, England, United Kingdom"
444,4,1.441968,38.431398,Project main location.lat,Project main location.lon,Merti,Isiolo,Kenya,KE,"Merti, Isiolo, Kenya"
445,5,52.795479,-0.54024,Project main location.lat,Project main location.lon,South Kesteven,England,United Kingdom,GB,"South Kesteven, Lincolnshire, Greater Lincolnshire, England, United Kingdom"
446,6,-10.333333,-53.2,Project main location.lat,Project main location.lon,,Mato Grosso,Brazil,BR,"Peixoto de Azevedo, Mato Grosso, Central-West Region, Brazil"
447,7,9.600036,7.999972,Project main location.lat,Project main location.lon,Kurmin Musa,Kaduna State,Nigeria,NG,"Kurmin Musa, Kachia, Kaduna State, Nigeria"
448,8,14.475061,-14.452961,Project main location.lat,Project main location.lon,Communauté rurale de Payar,,Senegal,SN,"Communauté rurale de Payar, Arrondissement de Kouthiaba Wolof, Département de Koumpentoum, Tambacounda Region, Senegal"
449,9,-19.302233,34.914498,Project main location.lat,Project main location.lon,,Sofala Province,Mozambique,MZ,"Muanza, Sofala Province, Zona Centro, Mozambique"
450,10,1.441968,38.431398,Project main location.lat,Project main location.lon,Merti,Isiolo,Kenya,KE,"Merti, Isiolo, Kenya"
451,11,9.600036,7.999972,Project main location.lat,Project main location.lon,Kurmin Musa,Kaduna State,Nigeria,NG,"Kurmin Musa, Kachia, Kaduna State, Nigeria"
452,12,9.600036,7.999972,Project main location.lat,Project main location.lon,Kurmin Musa,Kaduna State,Nigeria,NG,"Kurmin Musa, Kachia, Kaduna State, Nigeria"
453,13,8.030028,-1.080027,Project main location.lat,Project main location.lon,East Gonja Municipal District,Savannah Region,Ghana,GH,"East Gonja Municipal District, Savannah Region, Ghana"
454,14,37.764799,-122.46299,Project main location.lat,Project main location.lon,San Francisco,California,United States,US,"San Francisco, California, United States"
455,15,15.257243,-86.075514,Project main location.lat,Project main location.lon,,Olancho,Honduras,HN,"Gualaco, Olancho, Honduras"
456,16,26.254049,29.267547,Project main location.lat,Project main location.lon,,New Valley,Egypt,EG,"New Valley, Egypt"
457,17,14.584444,29.491769,Project main location.lat,Project main location.lon,Sowdari سودري,North Kordufan,Sudan,SD,"Sowdari سودري, North Kordufan, Sudan"
458,18,9.600036,7.999972,Project main location.lat,Project main location.lon,Kurmin Musa,Kaduna State,Nigeria,NG,"Kurmin Musa, Kachia, Kaduna State, Nigeria"
459,19,34.053683,-118.242767,Project main location.lat,Project main location.lon,Los Angeles,California,United States,US,"Los Angeles, Los Angeles County, California, United States"
460,20,11.964097,-2.844429,Project main location.lat,Project main location.lon,,,Burkina Faso,BF,"Zamo, Sanguié, Central-West, Burkina Faso"
461,21,2.889443,-73.783892,Project main location.lat,Project main location.lon,Vista Hermosa,Meta,Colombia,CO,"Vista Hermosa, Subregión Ariari, Meta, RAP (Especial) Central, Colombia"
462,22,1.441968,38.431398,Project main location.lat,Project main location.lon,Merti,Isiolo,Kenya,KE,"Merti, Isiolo, Kenya"
463,23,28.108393,84.091714,Project main location.lat,Project main location.lon,Pokhara,Gandaki Province,Nepal,NP,"Pokhara, Kaski, Gandaki Province, Nepal"
464,24,22.351115,78.667743,Project main location.lat,Project main location.lon,Tamia Tahsil,Madhya Pradesh,India,IN,"Tamia Tahsil, Chhindwara, Madhya Pradesh, 480559, India"
465,25,19.432601,-99.133342,Project main location.lat,Project main location.lon,Mexico City,Mexico City,Mexico,MX,"Mexico City, Cuauhtémoc, Mexico City, Mexico"
466,26,1.533355,32.216658,Project main location.lat,Project main location.lon,,Nakasongola,Uganda,UG,"Nakasongola, Central Region, Uganda"
467,27,15.613414,19.015617,Project main location.lat,Project main location.lon,,Borkou,Chad,TD,"Borkou, Chad"
468,28,33.875063,35.843409,Project main location.lat,Project main location.lon,,Beqaa Governorate,Lebanon,LB,"Touayteh, Zahlé District, Beqaa Governorate, Lebanon"
469,29,2.0,16.0,Project main location.lat,Project main location.lon,Mouloundou,East,Cameroon,CM,"Mouloundou, Boumba-et-Ngoko, East, Cameroon"
470,30,39.78373,-100.445882,Project main location.lat,Project main location.lon,Decatur County,Kansas,United States,US,"Decatur County, Kansas, United States"
471,31,30.33084,71.247499,Project main location.lat,Project main location.lon,Kot Addu District,Punjab,Pakistan,PK,"Chowk Sarwar Shaheed Tehsil, Kot Addu District, Dera Ghazi Khan Division, Punjab, 34030, Pakistan"
472,32,30.33084,71.247499,Project main location.lat,Project main location.lon,Kot Addu District,Punjab,Pakistan,PK,"Chowk Sarwar Shaheed Tehsil, Kot Addu District, Dera Ghazi Khan Division, Punjab, 34030, Pakistan"
473,33,8.030028,-1.080027,Project main location.lat,Project main location.lon,East Gonja Municipal District,Savannah Region,Ghana,GH,"East Gonja Municipal District, Savannah Region, Ghana"
474,34,51.0,10.0,Project main location.lat,Project main location.lon,Werra-Meißner-Kreis,Hesse,Germany,DE,"Sontra, Werra-Meißner-Kreis, Hesse, 36205, Germany"
475,35,-23.23355,17.323111,Project main location.lat,Project main location.lon,,Khomas,Namibia,NA,"Khomas, Namibia"
476,36,-14.518624,27.559916,Project main location.lat,Project main location.lon,,Central Province,Zambia,ZM,"Chibombo District, Central Province, Zambia"
477,37,24.476878,90.293243,Project main location.lat,Project main location.lon,Fulbaria Upazila,Mymensingh Division,Bangladesh,BD,"Fulbaria Upazila, Mymensingh District, Mymensingh Division, 2216, Bangladesh"
478,38,-13.26872,33.930196,Project main location.lat,Project main location.lon,,Ntchisi,Malawi,MW,"Ntchisi, Central Region, Malawi, Malawi"
479,39,55.670249,10.333328,Project main location.lat,Project main location.lon,,,Denmark,DK,Denmark
480,40,22.500048,-100.000038,Project main location.lat,Project main location.lon,Ciudad del Maíz,San Luis Potosí,Mexico,MX,"Ciudad del Maíz, San Luis Potosí, Mexico"
481,41,31.649741,35.162072,Project main location.lat,Project main location.lon,Area C,Judea and Samaria,Palestinian Territories,PS,"Area C, Judea and Samaria, Palestinian Territories"
482,42,4.612552,13.153581,Project main location.lat,Project main location.lon,Minta,Centre,Cameroon,CM,"Minta, Haute-Sanaga, Centre, Cameroon"
483,43,39.78373,-100.445882,Project main location.lat,Project main location.lon,Decatur County,Kansas,United States,US,"Decatur County, Kansas, United States"
484,44,-4.799336,114.563203,Project main location.lat,Project main location.lon,,South Kalimantan,Indonesia,ID,"South Kalimantan, Indonesia"
485,45,13.825049,-60.975036,Project main location.lat,Project main location.lon,,Micoud,Saint Lucia,LC,"Micoud, Saint Lucia"
486,46,8.640035,-11.840027,Project main location.lat,Project main location.lon,,Tonkolili District,Sierra Leone,SL,"Tonkolili District, Northern Province, Sierra Leone, Sierra Leone"
487,47,-20.275945,57.570357,Project main location.lat,Project main location.lon,"Dubreuil VCA, Part",Moka,Mauritius,MU,"Dubreuil VCA, Part, Moka, Mauritius"
488,48,39.78373,-100.445882,Project main location.lat,Project main location.lon,Decatur County,Kansas,United States,US,"Decatur County, Kansas, United States"
489,49,-14.518624,27.559916,Project main location.lat,Project main location.lon,,Central Province,Zambia,ZM,"Chibombo District, Central Province, Zambia"
490,50,30.876027,35.00152,Project main location.lat,Project main location.lon,Arava Tichona Regional Council,South District,Israel,IL,"Arava Tichona Regional Council, Beersheba Subdistrict, South District, Israel"
491,51,9.600036,7.999972,Project main location.lat,Project main location.lon,Kurmin Musa,Kaduna State,Nigeria,NG,"Kurmin Musa, Kachia, Kaduna State, Nigeria"
492,52,22.351115,78.667743,Project main location.lat,Project main location.lon,Tamia Tahsil,Madhya Pradesh,India,IN,"Tamia Tahsil, Chhindwara, Madhya Pradesh, 480559, India"
493,53,27.653672,85.32851,Project main location.lat,Project main location.lon,Lalitpur,Bagamati Province,Nepal,NP,"Lalitpur, Lalitpur Metropolitan City, Lalitpur, Bagamati Province, 44707, Nepal"
494,54,14.475061,-14.452961,Project main location.lat,Project main location.lon,Communauté rurale de Payar,,Senegal,SN,"Communauté rurale de Payar, Arrondissement de Kouthiaba Wolof, Département de Koumpentoum, Tambacounda Region, Senegal"
495,55,1.533355,32.216658,Project main location.lat,Project main location.lon,,Nakasongola,Uganda,UG,"Nakasongola, Central Region, Uganda"
496,56,16.825979,-88.760093,Project main location.lat,Project main location.lon,,Cayo,Belize,BZ,"Cayo, Belize"
497,57,1.533355,32.216658,Project main location.lat,Project main location.lon,,Nakasongola,Uganda,UG,"Nakasongola, Central Region, Uganda"
498,58,39.78373,-100.445882,Project main location.lat,Project main location.lon,Decatur County,Kansas,United States,US,"Decatur County, Kansas, United States"
499,59,28.209469,83.982812,Project main location.lat,Project main location.lon,Pokhara,Gandaki Province,Nepal,NP,"Pokhara, Kaski, Gandaki Province, Nepal"
500,60,1.533355,32.216658,Project main location.lat,Project main location.lon,,Nakasongola,Uganda,UG,"Nakasongola, Central Region, Uganda"
501,61,22.500048,-100.000038,Project main location.lat,Project main location.lon,Ciudad del Maíz,San Luis Potosí,Mexico,MX,"Ciudad del Maíz, San Luis Potosí, Mexico"
502,62,22.351115,78.667743,Project main location.lat,Project main location.lon,Tamia Tahsil,Madhya Pradesh,India,IN,"Tamia Tahsil, Chhindwara, Madhya Pradesh, 480559, India"
503,63,22.351115,78.667743,Project main location.lat,Project main location.lon,Tamia Tahsil,Madhya Pradesh,India,IN,"Tamia Tahsil, Chhindwara, Madhya Pradesh, 480559, India"
504,64,-10.333333,-53.2,Project main location.lat,Project main location.lon,,Mato Grosso,Brazil,BR,"Peixoto de Azevedo, Mato Grosso, Central-West Region, Brazil"
505,65,-24.776109,134.755,Project main location.lat,Project main location.lon,,,Australia,AU,"Northern Territory, Australia"
506,66,2.0,16.0,Project main location.lat,Project main location.lon,Mouloundou,East,Cameroon,CM,"Mouloundou, Boumba-et-Ngoko, East, Cameroon"
507,67,9.600036,7.999972,Project main location.lat,Project main location.lon,Kurmin Musa,Kaduna State,Nigeria,NG,"Kurmin Musa, Kachia, Kaduna State, Nigeria"
508,68,39.78373,-100.445882,Project main location.lat,Project main location.lon,Decatur County,Kansas,United States,US,"Decatur County, Kansas, United States"
509,69,7.869943,29.66679,Project main location.lat,Project main location.lon,Tonj East,Warrap,South Sudan,SS,"Tonj East, Warrap, South Sudan"
510,70,8.030028,-1.080027,Project main location.lat,Project main location.lon,East Gonja Municipal District,Savannah Region,Ghana,GH,"East Gonja Municipal District, Savannah Region, Ghana"
511,71,-2.981434,23.822264,Project main location.lat,Project main location.lon,,Sankuru,Democratic Republic of the Congo,CD,"Sankuru, Democratic Republic of the Congo"
512,72,24.476878,90.293243,Project main location.lat,Project main location.lon,Fulbaria Upazila,Mymensingh Division,Bangladesh,BD,"Fulbaria Upazila, Mymensingh District, Mymensingh Division, 2216, Bangladesh"
513,73,-3.363436,29.887058,Project main location.lat,Project main location.lon,Gitega,Gitega,Burundi,BI,"Gitega, Burundi"
514,74,14.897192,100.83273,Project main location.lat,Project main location.lon,Mueang Lop Buri District,,Thailand,TH,"Khok Tum, Mueang Lop Buri District, Lop Buri Province, Thailand"
515,75,30.33084,71.247499,Project main location.lat,Project main location.lon,Kot Addu District,Punjab,Pakistan,PK,"Chowk Sarwar Shaheed Tehsil, Kot Addu District, Dera Ghazi Khan Division, Punjab, 34030, Pakistan"
516,76,34.982302,33.145128,Project main location.lat,Project main location.lon,Gourri,Cyprus,Cyprus,CY,"Gourri, Oreini Community Cluster, Nicosia District, Cyprus"
517,77,-14.518624,27.559916,Project main location.lat,Project main location.lon,,Central Province,Zambia,ZM,"Chibombo District, Central Province, Zambia"
518,78,-19.302233,34.914498,Project main location.lat,Project main location.lon,,Sofala Province,Mozambique,MZ,"Muanza, Sofala Province, Zona Centro, Mozambique"
519,79,1.533355,32.216658,Project main location.lat,Project main location.lon,,Nakasongola,Uganda,UG,"Nakasongola, Central Region, Uganda"
520,80,14.475061,-14.452961,Project main location.lat,Project main location.lon,Communauté rurale de Payar,,Senegal,SN,"Communauté rurale de Payar, Arrondissement de Kouthiaba Wolof, Département de Koumpentoum, Tambacounda Region, Senegal"
521,81,14.475061,-14.452961,Project main location.lat,Project main location.lon,Communauté rurale de Payar,,Senegal,SN,"Communauté rurale de Payar, Arrondissement de Kouthiaba Wolof, Département de Koumpentoum, Tambacounda Region, Senegal"
522,82,38.893329,-77.030034,Project main location.lat,Project main location.lon,Washington,District of Columbia,United States,US,"Washington, District of Columbia, United States"
523,83,50.640281,4.666715,Project main location.lat,Project main location.lon,Nil-Saint-Vincent-Saint-Martin,Walloon Brabant,Belgium,BE,"Nil-Saint-Vincent-Saint-Martin, Walhain, Nivelles, Walloon Brabant, Wallonia, Belgium"
524,84,-2.981434,23.822264,Project main location.lat,Project main location.lon,,Sankuru,Democratic Republic of the Congo,CD,"Sankuru, Democratic Republic of the Congo"
525,85,9.600036,7.999972,Project main location.lat,Project main location.lon,Kurmin Musa,Kaduna State,Nigeria,NG,"Kurmin Musa, Kachia, Kaduna State, Nigeria"
526,86,31.172821,-7.336248,Project main location.lat,Project main location.lon,Ighrem N'Ougdal,Drâa-Tafilalet,Morocco,MA,"Ighrem N'Ougdal, Caïdat de Ighrem N'Ougdal, Cercle d'Amerzgane دائرة أمرزكان, Ouarzazate Province, Drâa-Tafilalet, 45253, Morocco"
527,87,7.989737,-5.567946,Project main location.lat,Project main location.lon,,Vallée du Bandama,Ivory Coast,CI,"Gbêkê, Vallée du Bandama, Ivory Coast"
528,88,39.78373,-100.445882,Project main location.lat,Project main location.lon,Decatur County,Kansas,United States,US,"Decatur County, Kansas, United States"
529,89,34.640186,39.049411,Project main location.lat,Project main location.lon,,Homs Governorate,Syria,SY,"As-Sukhna Subdistrict, Tadmur District, Homs Governorate, Syria"
530,90,1.533355,32.216658,Project main location.lat,Project main location.lon,,Nakasongola,Uganda,UG,"Nakasongola, Central Region, Uganda"
531,91,22.351115,78.667743,Project main location.lat,Project main location.lon,Tamia Tahsil,Madhya Pradesh,India,IN,"Tamia Tahsil, Chhindwara, Madhya Pradesh, 480559, India"
532,92,54.629498,-6.765442,Project main location.lat,Project main location.lon,County Londonderry,Northern Ireland,United Kingdom,GB,"Mid-Ulster District Council, County Londonderry, Northern Ireland, United Kingdom"
533,93,16.370036,-2.290024,Project main location.lat,Project main location.lon,Gourma-Rharous Cercle,Timbuktu,Mali,ML,"Gourma-Rharous Cercle, Timbuktu, Mali"
534,94,-6.524712,35.787844,Project main location.lat,Project main location.lon,,Dodoma Region,Tanzania,TZ,"Chamwino, Dodoma Region, Central Zone, Tanzania"
535,95,-24.776109,134.755,Project main location.lat,Project main location.lon,,,Australia,AU,"Northern Territory, Australia"
536,96,2.0,16.0,Project main location.lat,Project main location.lon,Mouloundou,East,Cameroon,CM,"Mouloundou, Boumba-et-Ngoko, East, Cameroon"
537,97,26.254049,29.267547,Project main location.lat,Project main location.lon,,New Valley,Egypt,EG,"New Valley, Egypt"
538,98,22.351115,78.667743,Project main location.lat,Project main location.lon,Tamia Tahsil,Madhya Pradesh,India,IN,"Tamia Tahsil, Chhindwara, Madhya Pradesh, 480559, India"
539,99,22.351115,78.667743,Project main location.lat,Project main location.lon,Tamia Tahsil,Madhya Pradesh,India,IN,"Tamia Tahsil, Chhindwara, Madhya Pradesh, 480559, India"
540,100,12.750349,122.73121,Project main location.lat,Project main location.lon,,,Philippines,PH,Philippines
541,101,14.897192,100.83273,Project main location.lat,Project main location.lon,Mueang Lop Buri District,,Thailand,TH,"Khok Tum, Mueang Lop Buri District, Lop Buri Province, Thailand"
542,102,22.351115,78.667743,Project main location.lat,Project main location.lon,Tamia Tahsil,Madhya Pradesh,India,IN,"Tamia Tahsil, Chhindwara, Madhya Pradesh, 480559, India"
543,103,9.600036,7.999972,Project main location.lat,Project main location.lon,Kurmin Musa,Kaduna State,Nigeria,NG,"Kurmin Musa, Kachia, Kaduna State, Nigeria"
544,104,24.476878,90.293243,Project main location.lat,Project main location.lon,Fulbaria Upazila,Mymensingh Division,Bangladesh,BD,"Fulbaria Upazila, Mymensingh District, Mymensingh Division, 2216, Bangladesh"
545,105,-19.302233,34.914498,Project main location.lat,Project main location.lon,,Sofala Province,Mozambique,MZ,"Muanza, Sofala Province, Zona Centro, Mozambique"
546,106,33.762086,-84.296986,Project main location.lat,Project main location.lon,Decatur,Georgia,United States,US,"Decatur, DeKalb County, Georgia, 30030, United States"
547,107,43.653963,-79.387207,Project main location.lat,Project main location.lon,Toronto,Ontario,Canada,CA,"Toronto, Golden Horseshoe, Ontario, Canada"
548,108,4.612552,13.153581,Project main location.lat,Project main location.lon,Minta,Centre,Cameroon,CM,"Minta, Haute-Sanaga, Centre, Cameroon"
549,109,5.749972,-9.365852,Project main location.lat,Project main location.lon,Central Rivercess,Rivercess County,Liberia,LR,"Central Rivercess, Rivercess County, Liberia"
550,110,1.533355,32.216658,Project main location.lat,Project main location.lon,,Nakasongola,Uganda,UG,"Nakasongola, Central Region, Uganda"
551,111,9.600036,7.999972,Project main location.lat,Project main location.lon,Kurmin Musa,Kaduna State,Nigeria,NG,"Kurmin Musa, Kachia, Kaduna State, Nigeria"
552,112,35.693763,139.703632,Project main location.lat,Project main location.lon,Shinjuku,,Japan,JP,"Shinjuku, Tokyo, 160-8484, Japan"
553,113,47.228609,65.20932,Project main location.lat,Project main location.lon,Ulytau District,Ulytau Region,Kazakhstan,KZ,"Ulytau District, Ulytau Region, 101500, Kazakhstan"
554,114,9.600036,7.999972,Project main location.lat,Project main location.lon,Kurmin Musa,Kaduna State,Nigeria,NG,"Kurmin Musa, Kachia, Kaduna State, Nigeria"
555,115,8.030028,-1.080027,Project main location.lat,Project main location.lon,East Gonja Municipal District,Savannah Region,Ghana,GH,"East Gonja Municipal District, Savannah Region, Ghana"
556,116,22.351115,78.667743,Project main location.lat,Project main location.lon,Tamia Tahsil,Madhya Pradesh,India,IN,"Tamia Tahsil, Chhindwara, Madhya Pradesh, 480559, India"
557,117,22.351115,78.667743,Project main location.lat,Project main location.lon,Tamia Tahsil,Madhya Pradesh,India,IN,"Tamia Tahsil, Chhindwara, Madhya Pradesh, 480559, India"
558,118,16.370036,-2.290024,Project main location.lat,Project main location.lon,Gourma-Rharous Cercle,Timbuktu,Mali,ML,"Gourma-Rharous Cercle, Timbuktu, Mali"
559,119,12.750349,122.73121,Project main location.lat,Project main location.lon,,,Philippines,PH,Philippines
560,120,9.600036,7.999972,Project main location.lat,Project main location.lon,Kurmin Musa,Kaduna State,Nigeria,NG,"Kurmin Musa, Kachia, Kaduna State, Nigeria"
561,121,35.92081,74.314044,Project main location.lat,Project main location.lon,Gilgit,Gilgit-Baltistan,Pakistan,PK,"Gilgit, Gilgit Tehsil, Gilgit District, Gilgit Division, Gilgit-Baltistan, 51100, Pakistan"
562,122,-31.761336,-71.31877,Project main location.lat,Project main location.lon,Illapel,Coquimbo Region,Chile,CL,"Illapel, Provincia de Choapa, Coquimbo Region, 1930000, Chile"
563,123,2.0,16.0,Project main location.lat,Project main location.lon,Mouloundou,East,Cameroon,CM,"Mouloundou, Boumba-et-Ngoko, East, Cameroon"
564,124,9.600036,7.999972,Project main location.lat,Project main location.lon,Kurmin Musa,Kaduna State,Nigeria,NG,"Kurmin Musa, Kachia, Kaduna State, Nigeria"
565,125,24.476878,90.293243,Project main location.lat,Project main location.lon,Fulbaria Upazila,Mymensingh Division,Bangladesh,BD,"Fulbaria Upazila, Mymensingh District, Mymensingh Division, 2216, Bangladesh"
566,126,39.78373,-100.445882,Project main location.lat,Project main location.lon,Decatur County,Kansas,United States,US,"Decatur County, Kansas, United States"
567,127,2.0,16.0,Project main location.lat,Project main location.lon,Mouloundou,East,Cameroon,CM,"Mouloundou, Boumba-et-Ngoko, East, Cameroon"
568,128,22.351115,78.667743,Project main location.lat,Project main location.lon,Tamia Tahsil,Madhya Pradesh,India,IN,"Tamia Tahsil, Chhindwara, Madhya Pradesh, 480559, India"
569,129,-13.26872,33.930196,Project main location.lat,Project main location.lon,,Ntchisi,Malawi,MW,"Ntchisi, Central Region, Malawi, Malawi"
570,130,22.500048,-100.000038,Project main location.lat,Project main location.lon,Ciudad del Maíz,San Luis Potosí,Mexico,MX,"Ciudad del Maíz, San Luis Potosí, Mexico"
571,131,33.095579,44.174977,Project main location.lat,Project main location.lon,,Baghdad Governorate,Iraq,IQ,"Al-Yusufiyah Subdistrict, Mahmoudiya District, Baghdad Governorate, Iraq"
572,132,4.612552,13.153581,Project main location.lat,Project main location.lon,Minta,Centre,Cameroon,CM,"Minta, Haute-Sanaga, Centre, Cameroon"
573,133,1.441968,38.431398,Project main location.lat,Project main location.lon,Merti,Isiolo,Kenya,KE,"Merti, Isiolo, Kenya"
574,134,40.569391,-74.611502,Project main location.lat,Project main location.lon,Somerville,New Jersey,United States,US,"Somerville, Somerset County, New Jersey, United States"
575,135,35.000074,104.999927,Project main location.lat,Project main location.lon,Bangluo,Gansu,China,CN,"Bangluo, Tongwei County, Dingxi City, Gansu, China"
576,136,9.600036,7.999972,Project main location.lat,Project main location.lon,Kurmin Musa,Kaduna State,Nigeria,NG,"Kurmin Musa, Kachia, Kaduna State, Nigeria"
577,137,49.487197,31.271832,Project main location.lat,Project main location.lon,Cherkasy Raion,Cherkasy Oblast,Ukraine,UA,"Набутівська сільська громада, Cherkasy Raion, Cherkasy Oblast, Ukraine"
578,138,1.533355,32.216658,Project main location.lat,Project main location.lon,,Nakasongola,Uganda,UG,"Nakasongola, Central Region, Uganda"
578,138,-4.799336,114.563203,Additional project location.lat,Additional project location.lon,,South Kalimantan,Indonesia,ID,"South Kalimantan, Indonesia"
579,139,-6.524712,35.787844,Project main location.lat,Project main location.lon,,Dodoma Region,Tanzania,TZ,"Chamwino, Dodoma Region, Central Zone, Tanzania"
580,140,22.351115,78.667743,Project main location.lat,Project main location.lon,Tamia Tahsil,Madhya Pradesh,India,IN,"Tamia Tahsil, Chhindwara, Madhya Pradesh, 480559, India"
581,141,9.600036,7.999972,Project main location.lat,Project main location.lon,Kurmin Musa,Kaduna State,Nigeria,NG,"Kurmin Musa, Kachia, Kaduna State, Nigeria"
582,142,22.351115,78.667743,Project main location.lat,Project main location.lon,Tamia Tahsil,Madhya Pradesh,India,IN,"Tamia Tahsil, Chhindwara, Madhya Pradesh, 480559, India"
583,143,1.533355,32.216658,Project main location.lat,Project main location.lon,,Nakasongola,Uganda,UG,"Nakasongola, Central Region, Uganda"
584,144,2.0,16.0,Project main location.lat,Project main location.lon,Mouloundou,East,Cameroon,CM,"Mouloundou, Boumba-et-Ngoko, East, Cameroon"
585,145,12.750349,122.73121,Project main location.lat,Project main location.lon,,,Philippines,PH,Philippines
586,146,49.884017,-97.168579,Project main location.lat,Project main location.lon,Winnipeg,Manitoba,Canada,CA,"Winnipeg, Manitoba, Canada"
587,147,22.500048,-100.000038,Project main location.lat,Project main location.lon,Ciudad del Maíz,San Luis Potosí,Mexico,MX,"Ciudad del Maíz, San Luis Potosí, Mexico"
588,148,35.000074,104.999927,Project main location.lat,Project main location.lon,Bangluo,Gansu,China,CN,"Bangluo, Tongwei County, Dingxi City, Gansu, China"
589,149,22.351115,78.667743,Project main location.lat,Project main location.lon,Tamia Tahsil,Madhya Pradesh,India,IN,"Tamia Tahsil, Chhindwara, Madhya Pradesh, 480559, India"
590,150,9.600036,7.999972,Project main location.lat,Project main location.lon,Kurmin Musa,Kaduna State,Nigeria,NG,"Kurmin Musa, Kachia, Kaduna State, Nigeria"
591,151,9.600036,7.999972,Project main location.lat,Project main location.lon,Kurmin Musa,Kaduna State,Nigeria,NG,"Kurmin Musa, Kachia, Kaduna State, Nigeria"
592,152,9.600036,7.999972,Project main location.lat,Project main location.lon,Kurmin Musa,Kaduna State,Nigeria,NG,"Kurmin Musa, Kachia, Kaduna State, Nigeria"
593,153,1.533355,32.216658,Project main location.lat,Project main location.lon,,Nakasongola,Uganda,UG,"Nakasongola, Central Region, Uganda"
594,154,-6.524712,35.787844,Project main location.lat,Project main location.lon,,Dodoma Region,Tanzania,TZ,"Chamwino, Dodoma Region, Central Zone, Tanzania"
595,155,9.600036,7.999972,Project main location.lat,Project main location.lon,Kurmin Musa,Kaduna State,Nigeria,NG,"Kurmin Musa, Kachia, Kaduna State, Nigeria"
596,156,-2.981434,23.822264,Project main location.lat,Project main location.lon,,Sankuru,Democratic Republic of the Congo,CD,"Sankuru, Democratic Republic of the Congo"
597,157,39.78373,-100.445882,Project main location.lat,Project main location.lon,Decatur County,Kansas,United States,US,"Decatur County, Kansas, United States"
598,158,9.600036,7.999972,Project main location.lat,Project main location.lon,Kurmin Musa,Kaduna State,Nigeria,NG,"Kurmin Musa, Kachia, Kaduna State, Nigeria"
599,159,20.017111,103.378253,Project main location.lat,Project main location.lon,Hiam District,Houaphanh,Laos,LA,"Hiam District, Houaphanh, Laos"
600,160,22.351115,78.667743,Project main location.lat,Project main location.lon,Tamia Tahsil,Madhya Pradesh,India,IN,"Tamia Tahsil, Chhindwara, Madhya Pradesh, 480559, India"
601,161,-6.524712,35.787844,Project main location.lat,Project main location.lon,,Dodoma Region,Tanzania,TZ,"Chamwino, Dodoma Region, Central Zone, Tanzania"
602,162,22.351115,78.667743,Project main location.lat,Project main location.lon,Tamia Tahsil,Madhya Pradesh,India,IN,"Tamia Tahsil, Chhindwara, Madhya Pradesh, 480559, India"
603,163,30.33084,71.247499,Project main location.lat,Project main location.lon,Kot Addu District,Punjab,Pakistan,PK,"Chowk Sarwar Shaheed Tehsil, Kot Addu District, Dera Ghazi Khan Division, Punjab, 34030, Pakistan"
604,164,24.000249,53.999483,Project main location.lat,Project main location.lon,Um Laylah,Abu Dhabi Emirate,United Arab Emirates,AE,"Um Laylah, Al Dhafrah Region, Abu Dhabi Emirate, United Arab Emirates"
604,164,5.749972,-9.365852,Additional project location.lat,Additional project location.lon,Central Rivercess,Rivercess County,Liberia,LR,"Central Rivercess, Rivercess County, Liberia"
604,164,31.172821,-7.336248,Additional project location 2.lat,Additional project location 2.lon,Ighrem N'Ougdal,Drâa-Tafilalet,Morocco,MA,"Ighrem N'Ougdal, Caïdat de Ighrem N'Ougdal, Cercle d'Amerzgane دائرة أمرزكان, Ouarzazate Province, Drâa-Tafilalet, 45253, Morocco"
605,165,13.11693,80.258989,Project main location.lat,Project main location.lon,Chennai,Tamil Nadu,India,IN,"Chennai, Tamil Nadu, India"
606,166,39.78373,-100.445882,Project main location.lat,Project main location.lon,Decatur County,Kansas,United States,US,"Decatur County, Kansas, United States"
606,166,-24.776109,134.755,Additional project location.lat,Additional project location.lon,,,Australia,AU,"Northern Territory, Australia"
606,166,-25.839449,-55.524902,Additional project location 2.lat,Additional project location 2.lon,San Cristóbal,Alto Paraná,Paraguay,PY,"San Cristóbal, Alto Paraná, Región Oriental, Paraguay"
607,167,38.85799,-77.051269,Project main location.lat,Project main location.lon,Arlington,Virginia,United States,US,"Arlington, Arlington County, Virginia, 22209, United States"
608,168,50.783556,3.04389,Project main location.lat,Project main location.lon,Wervik,West Flanders,Belgium,BE,"Wervik, Ieper, West Flanders, Flanders, Belgium"
609,169,24.979419,-14.501953,Project main location.lat,Project main location.lon,Jraifia,,Morocco,MA,"Jraifia, caïdat de Jraifia قيادة الجريفية, cercle de Jraifia دائرة الجريفية, Boujdour Province, Morocco"
610,170,49.405791,8.71511,Project main location.lat,Project main location.lon,Heidelberg,Baden-Württemberg,Germany,DE,"Heidelberg, Baden-Württemberg, Germany"
610,170,-0.375587,-78.558673,Additional project location.lat,Additional project location.lon,Cutuglagua,,Ecuador,EC,"Cutuglagua, Machachi, Pichincha, Ecuador"
611,171,6.405378,3.407693,Project main location.lat,Project main location.lon,Eti Osa,Lagos State,Nigeria,NG,"Eti Osa, Lagos State, Nigeria"
612,172,20.9877,-101.0,Project main location.lat,Project main location.lon,Dolores Hidalgo,Guanajuato,Mexico,MX,"Dolores Hidalgo, Guanajuato, Mexico"
612,172,4.648685,-74.105814,Additional project location.lat,Additional project location.lon,Bogota,"Bogota, Capital District",Colombia,CO,"Localidad Teusaquillo, Bogota, Bogota, Capital District, RAP (Especial) Central, Colombia"
612,172,-17.333333,-61.5,Additional project location 2.lat,Additional project location 2.lon,Municipio Pailón,Santa Cruz,Bolivia,BO,"Municipio Pailón, Chiquitos, Santa Cruz, Bolivia"
613,173,39.2675635,-76.797516022068,Project main location.lat,Project main location.lon,Columbia,Maryland,United States,US,"Columbia, Howard County, Maryland, 21044, United States"
613,173,34.6401861,39.0494106,Additional project location.lat,Additional project location.lon,,Homs Governorate,Syria,SY,"As-Sukhna Subdistrict, Tadmur District, Homs Governorate, Syria"
614,174,49.4871968,31.2718321,Project main location.lat,Project main location.lon,Cherkasy Raion,Cherkasy Oblast,Ukraine,UA,"Набутівська сільська громада, Cherkasy Raion, Cherkasy Oblast, Ukraine"
615,175,47.7423219,-121.9856782,Project main location.lat,Project main location.lon,Duvall,Washington,United States,US,"Duvall, King County, Washington, United States"
615,175,47.5348778,-122.0432974,Additional project location.lat,Additional project location.lon,Issaquah,Washington,United States,US,"Issaquah, King County, Washington, United States"
621,176,-21.256883,48.0665448,Project main location.lat,Project main location.lon,Marokarima,Vatovavy,Madagascar,MG,"Marokarima, District of Mananjary, Vatovavy, Province de Fianarantsoa, Madagascar"
621,176,50.112313451247,-116.71875,Additional project location.lat,Additional project location.lon,Area D (Lardeau Valley/Duncan Lake),British Columbia,Canada,CA,"Area D (Lardeau Valley/Duncan Lake), Regional District of Central Kootenay, British Columbia, Canada"
634,177,0.71289130389072,38.34228515625,Project main location.lat,Project main location.lon,Garbatulla,Isiolo,Kenya,KE,"Garbatulla, Isiolo, Kenya"
634,177,10.03511915411,8.26171875,Additional project location.lat,Additional project location.lon,Ikulu,Kaduna State,Nigeria,NG,"Ikulu, Zangon Kataf, Kaduna State, Nigeria"
634,177,27.419928648469,29.443359375,Additional project location 2.lat,Additional project location 2.lon,,New Valley,Egypt,EG,"New Valley, Egypt"
640,178,50.112313451247,-116.71875,Additional project location.lat,Additional project location.lon,Area D (Lardeau Valley/Duncan Lake),British Columbia,Canada,CA,"Area D (Lardeau Valley/Duncan Lake), Regional District of Central Kootenay, British Columbia, Canada"
642,179,-14.5189121,27.5589884,Project main location.lat,Project main location.lon,,Central Province,Zambia,ZM,"Chibombo District, Central Province, Zambia"
642,179,-18.4554963,29.7468414,Additional project location.lat,Additional project location.lon,Kadoma,Mashonaland West Province,Zimbabwe,ZW,"Kadoma, Mashonaland West Province, Zimbabwe"
642,179,-13.2687204,33.9301963,Additional project location 2.lat,Additional project location 2.lon,,Ntchisi,Malawi,MW,"Ntchisi, Central Region, Malawi, Malawi"
644,180,30.3308401,71.247499,Project main location.lat,Project main location.lon,Kot Addu District,Punjab,Pakistan,PK,"Chowk Sarwar Shaheed Tehsil, Kot Addu District, Dera Ghazi Khan Division, Punjab, 34030, Pakistan"
644,180,50.112313451247,-116.71875,Additional project location.lat,Additional project location.lon,Area D (Lardeau Valley/Duncan Lake),British Columbia,Canada,CA,"Area D (Lardeau Valley/Duncan Lake), Regional District of Central Kootenay, British Columbia, Canada"
647,181,8.479004,-13.26795,Project main location.lat,Project main location.lon,Freetown,Western Area Urban,Sierra Leone,SL,"Freetown, Western Area Urban, Western Area, Sierra Leone"
647,181,50.112313451247,-116.71875,Additional project location.lat,Additional project location.lon,Area D (Lardeau Valley/Duncan Lake),British Columbia,Canada,CA,"Area D (Lardeau Valley/Duncan Lake), Regional District of Central Kootenay, British Columbia, Canada"
652,183,1.4419683,38.4313975,Project main location.lat,Project main location.lon,Merti,Isiolo,Kenya,KE,"Merti, Isiolo, Kenya"
652,183,50.112313451247,-116.71875,Additional project location.lat,Additional project location.lon,Area D (Lardeau Valley/Duncan Lake),British Columbia,Canada,CA,"Area D (Lardeau Valley/Duncan Lake), Regional District of Central Kootenay, British Columbia, Canada"
654,184,50.112313451247,-116.71875,Project main location.lat,Project main location.lon,Area D (Lardeau Valley/Duncan Lake),British Columbia,Canada,CA,"Area D (Lardeau Valley/Duncan Lake), Regional District of Central Kootenay, British Columbia, Canada"
665,185,-13.2687204,33.9301963,Project main location.lat,Project main location.lon,,Ntchisi,Malawi,MW,"Ntchisi, Central Region, Malawi, Malawi"
665,185,-18.23391656712,34.82666015625,Additional project location.lat,Additional project location.lon,,Sofala Province,Mozambique,MZ,"Maringué, Sofala Province, Zona Centro, Mozambique"
665,185,-14.5189121,27.5589884,Additional project location 2.lat,Additional project location 2.lon,,Central Province,Zambia,ZM,"Chibombo District, Central Province, Zambia"
666,186,50.112313451247,-116.71875,Project main location.lat,Project main location.lon,Area D (Lardeau Valley/Duncan Lake),British Columbia,Canada,CA,"Area D (Lardeau Valley/Duncan Lake), Regional District of Central Kootenay, British Columbia, Canada"
667,187,1.4419683,38.4313975,Project main location.lat,Project main location.lon,Merti,Isiolo,Kenya,KE,"Merti, Isiolo, Kenya"
667,187,-2.5480008,36.7926632,Additional project location.lat,Additional project location.lon,Kajiado Central,Kajiado County,Kenya,KE,"Kajiado Central, Kajiado County, 01100, Kenya"
667,187,50.112313451247,-116.71875,Additional project location 2.lat,Additional project location 2.lon,Area D (Lardeau Valley/Duncan Lake),British Columbia,Canada,CA,"Area D (Lardeau Valley/Duncan Lake), Regional District of Central Kootenay, British Columbia, Canada"
683,188,50.112313451247,-116.71875,Project main location.lat,Project main location.lon,Area D (Lardeau Valley/Duncan Lake),British Columbia,Canada,CA,"Area D (Lardeau Valley/Duncan Lake), Regional District of Central Kootenay, British Columbia, Canada"
684,189,-4.03863355,39.648547578884,Project main location.lat,Project main location.lon,Mombasa,Mombasa County,Kenya,KE,"Mombasa, Tononoka ward, Mvita, Mombasa County, 80100, Kenya"
684,189,-1.30261485,36.828842018137,Additional project location.lat,Additional project location.lon,Nairobi,Nairobi County,Kenya,KE,"Landimawe ward, Starehe, Nairobi, Nairobi County, 00500, Kenya"
684,189,-0.06040135,34.200135009996,Additional project location 2.lat,Additional project location 2.lon,West Sakwa ward,Siaya County,Kenya,KE,"West Sakwa ward, Bondo, Siaya County, Kenya"
689,190,50.112313451247,-116.71875,Project main location.lat,Project main location.lon,Area D (Lardeau Valley/Duncan Lake),British Columbia,Canada,CA,"Area D (Lardeau Valley/Duncan Lake), Regional District of Central Kootenay, British Columbia, Canada"
694,191,50.112313451247,-116.71875,Project main location.lat,Project main location.lon,Area D (Lardeau Valley/Duncan Lake),British Columbia,Canada,CA,"Area D (Lardeau Valley/Duncan Lake), Regional District of Central Kootenay, British Columbia, Canada"
703,192,-3.6559638379378,39.863891601563,Project main location.lat,Project main location.lon,Mnarani ward,Kilifi County,Kenya,KE,"Mnarani ward, Kilifi North, Kilifi County, Kenya"
703,192,-4.0724942591674,39.688110351562,Additional project location.lat,Additional project location.lon,Mombasa,Mombasa County,Kenya,KE,"Mombasa, Tononoka ward, Mvita, Mombasa County, 80100, Kenya"
703,192,-1.2743089918452,36.826171875,Additional project location 2.lat,Additional project location 2.lon,Nairobi,Nairobi County,Kenya,KE,"Nairobi, Nairobi County, Kenya"
709,193,1.4419683,38.4313975,Project main location.lat,Project main location.lon,Merti,Isiolo,Kenya,KE,"Merti, Isiolo, Kenya"
709,193,8.0300284,-1.0800271,Additional project location.lat,Additional project location.lon,East Gonja Municipal District,Savannah Region,Ghana,GH,"East Gonja Municipal District, Savannah Region, Ghana"
709,193,1.5333554,32.2166578,Additional project location 2.lat,Additional project location 2.lon,,Nakasongola,Uganda,UG,"Nakasongola, Central Region, Uganda"
711,194,50.112313451247,-116.71875,Project main location.lat,Project main location.lon,Area D (Lardeau Valley/Duncan Lake),British Columbia,Canada,CA,"Area D (Lardeau Valley/Duncan Lake), Regional District of Central Kootenay, British Columbia, Canada"
711,194,0.6065988,34.5523195,Additional project location.lat,Additional project location.lon,Marakaru/Tuuti ward,Bungoma County,Kenya,KE,"Marakaru/Tuuti ward, Kanduyi, Bungoma County, Kenya"
714,195,6.3391292914918,6.8348264694214,Project main location.lat,Project main location.lon,Anambra West,Anambra State,Nigeria,NG,"Anambra West, Anambra State, Nigeria"
714,195,50.112313451247,-116.71875,Additional project location.lat,Additional project location.lon,Area D (Lardeau Valley/Duncan Lake),British Columbia,Canada,CA,"Area D (Lardeau Valley/Duncan Lake), Regional District of Central Kootenay, British Columbia, Canada"
717,196,9.6000359,7.9999721,Project main location.lat,Project main location.lon,Kurmin Musa,Kaduna State,Nigeria,NG,"Kurmin Musa, Kachia, Kaduna State, Nigeria"
717,196,50.112313451247,-116.71875,Additional project location.lat,Additional project location.lon,Area D (Lardeau Valley/Duncan Lake),British Columbia,Canada,CA,"Area D (Lardeau Valley/Duncan Lake), Regional District of Central Kootenay, British Columbia, Canada"
720,197,3.1516964,101.6942371,Project main location.lat,Project main location.lon,,Kuala Lumpur,Malaysia,MY,"Kuala Lumpur, Malaysia"
720,197,50.112313451247,-116.71875,Additional project location.lat,Additional project location.lon,Area D (Lardeau Valley/Duncan Lake),British Columbia,Canada,CA,"Area D (Lardeau Valley/Duncan Lake), Regional District of Central Kootenay, British Columbia, Canada"
733,198,47.6212539,-122.177376,Project main location.lat,Project main location.lon,Bellevue,Washington,United States,US,"Bellevue, King County, Washington, United States"
733,198,50.112313451247,-116.71875,Additional project location.lat,Additional project location.lon,Area D (Lardeau Valley/Duncan Lake),British Columbia,Canada,CA,"Area D (Lardeau Valley/Duncan Lake), Regional District of Central Kootenay, British Columbia, Canada"
735,199,0.6265437,34.578331071692,Project main location.lat,Project main location.lon,West Nalondo ward,Bungoma County,Kenya,KE,"West Nalondo ward, Kabuchai, Bungoma County, Kenya"
735,199,0.69276345,34.591813398641,Additional project location.lat,Additional project location.lon,Kabuchai/Chwele ward,Bungoma County,Kenya,KE,"Kabuchai/Chwele ward, Kabuchai, Bungoma County, Kenya"
735,199,50.112313451247,-116.71875,Additional project location 2.lat,Additional project location 2.lon,Area D (Lardeau Valley/Duncan Lake),British Columbia,Canada,CA,"Area D (Lardeau Valley/Duncan Lake), Regional District of Central Kootenay, British Columbia, Canada"
736,200,-1.0832904028138,37.022037506104,Project main location.lat,Project main location.lon,Juja ward,Kiambu,Kenya,KE,"Juja ward, Juja, Kiambu, 01001, Kenya"
736,200,50.112313451247,-116.71875,Additional project location.lat,Additional project location.lon,Area D (Lardeau Valley/Duncan Lake),British Columbia,Canada,CA,"Area D (Lardeau Valley/Duncan Lake), Regional District of Central Kootenay, British Columbia, Canada"
737,201,6.4444793838638,3.2259623287287,Project main location.lat,Project main location.lon,Amuwo Odofin,Lagos State,Nigeria,NG,"Amuwo Odofin, Lagos State, 102102, Nigeria"
737,201,50.112313451247,-116.71875,Additional project location.lat,Additional project location.lon,Area D (Lardeau Valley/Duncan Lake),British Columbia,Canada,CA,"Area D (Lardeau Valley/Duncan Lake), Regional District of Central Kootenay, British Columbia, Canada"
740,202,50.112313451247,-116.71875,Project main location.lat,Project main location.lon,Area D (Lardeau Valley/Duncan Lake),British Columbia,Canada,CA,"Area D (Lardeau Valley/Duncan Lake), Regional District of Central Kootenay, British Columbia, Canada"
742,203,1.4419683,38.4313975,Project main location.lat,Project main location.lon,Merti,Isiolo,Kenya,KE,"Merti, Isiolo, Kenya"
742,203,50.112313451247,-116.71875,Additional project location.lat,Additional project location.lon,Area D (Lardeau Valley/Duncan Lake),British Columbia,Canada,CA,"Area D (Lardeau Valley/Duncan Lake), Regional District of Central Kootenay, British Columbia, Canada"
743,204,30.3308401,71.247499,Project main location.lat,Project main location.lon,Kot Addu District,Punjab,Pakistan,PK,"Chowk Sarwar Shaheed Tehsil, Kot Addu District, Dera Ghazi Khan Division, Punjab, 34030, Pakistan"
743,204,50.112313451247,-116.71875,Additional project location.lat,Additional project location.lon,Area D (Lardeau Valley/Duncan Lake),British Columbia,Canada,CA,"Area D (Lardeau Valley/Duncan Lake), Regional District of Central Kootenay, British Columbia, Canada"
746,205,47.629989,-122.185756,Project main location.lat,Project main location.lon,Bellevue,Washington,United States,US,"Bellevue, King County, Washington, United States"
746,205,50.112313451247,-116.71875,Additional project location.lat,Additional project location.lon,Area D (Lardeau Valley/Duncan Lake),British Columbia,Canada,CA,"Area D (Lardeau Valley/Duncan Lake), Regional District of Central Kootenay, British Columbia, Canada"
747,206,37.016665949902,-7.9343032898032,Project main location.lat,Project main location.lon,Faro,,Portugal,PT,"Faro (Sé e São Pedro), Faro, Portugal"
748,207,19.4326296,-99.1331785,Project main location.lat,Project main location.lon,Mexico City,Mexico City,Mexico,MX,"Mexico City, Cuauhtémoc, Mexico City, Mexico"
748,207,50.112313451247,-116.71875,Additional project location.lat,Additional project location.lon,Area D (Lardeau Valley/Duncan Lake),British Columbia,Canada,CA,"Area D (Lardeau Valley/Duncan Lake), Regional District of Central Kootenay, British Columbia, Canada"
750,208,50.112313451247,-116.71875,Project main location.lat,Project main location.lon,Area D (Lardeau Valley/Duncan Lake),British Columbia,Canada,CA,"Area D (Lardeau Valley/Duncan Lake), Regional District of Central Kootenay, British Columbia, Canada"
751,209,50.112313451247,-116.71875,Project main location.lat,Project main location.lon,Area D (Lardeau Valley/Duncan Lake),British Columbia,Canada,CA,"Area D (Lardeau Valley/Duncan Lake), Regional District of Central Kootenay, British Columbia, Canada"
752,210,50.112313451247,-116.71875,Project main location.lat,Project main location.lon,Area D (Lardeau Valley/Duncan Lake),British Columbia,Canada,CA,"Area D (Lardeau Valley/Duncan Lake), Regional District of Central Kootenay, British Columbia, Canada"
753,211,50.112313451247,-116.71875,Project main location.lat,Project main location.lon,Area D (Lardeau Valley/Duncan Lake),British Columbia,Canada,CA,"Area D (Lardeau Valley/Duncan Lake), Regional District of Central Kootenay, British Columbia, Canada"
754,212,40.6263146,-74.1585658,Project main location.lat,Project main location.lon,New York,New York,United States,US,"Staten Island, Richmond County, New York, United States"
754,212,6.5269033,3.5774005,Additional project location.lat,Additional project location.lon,Lagos Island,Lagos State,Nigeria,NG,"Lagos Island, Lagos State, 100242, Nigeria"
754,212,50.112313451247,-116.71875,Additional project location 2.lat,Additional project location 2.lon,Area D (Lardeau Valley/Duncan Lake),British Columbia,Canada,CA,"Area D (Lardeau Valley/Duncan Lake), Regional District of Central Kootenay, British Columbia, Canada"
760,213,50.112313451247,-116.71875,Project main location.lat,Project main location.lon,Area D (Lardeau Valley/Duncan Lake),British Columbia,Canada,CA,"Area D (Lardeau Valley/Duncan Lake), Regional District of Central Kootenay, British Columbia, Canada"
761,214,50.112313451247,-116.71875,Project main location.lat,Project main location.lon,Area D (Lardeau Valley/Duncan Lake),British Columbia,Canada,CA,"Area D (Lardeau Valley/Duncan Lake), Regional District of Central Kootenay, British Columbia, Canada"
765,215,4.5693754,102.2656823,Project main location.lat,Project main location.lon,,Pahang,Malaysia,MY,"Jerantut, Pahang, Malaysia"
765,215,50.112313451247,-116.71875,Additional project location.lat,Additional project location.lon,Area D (Lardeau Valley/Duncan Lake),British Columbia,Canada,CA,"Area D (Lardeau Valley/Duncan Lake), Regional District of Central Kootenay, British Columbia, Canada"
769,216,6.3611931903963,-1.0000991821289,Project main location.lat,Project main location.lon,Birim North District,Eastern Region,Ghana,GH,"Birim North District, Eastern Region, Ghana"
769,216,50.112313451247,-116.71875,Additional project location.lat,Additional project location.lon,Area D (Lardeau Valley/Duncan Lake),British Columbia,Canada,CA,"Area D (Lardeau Valley/Duncan Lake), Regional District of Central Kootenay, British Columbia, Canada"
772,217,50.112313451247,-116.71875,Project main location.lat,Project main location.lon,Area D (Lardeau Valley/Duncan Lake),British Columbia,Canada,CA,"Area D (Lardeau Valley/Duncan Lake), Regional District of Central Kootenay, British Columbia, Canada"
776,218,-0.084594829937811,34.859619140625,Project main location.lat,Project main location.lon,Kisumu,Kisumu County,Kenya,KE,"Kisumu, City of Kisumu, Kisumu County, Kenya"
776,218,-15.61360315,34.514659534019,Additional project location.lat,Additional project location.lon,,Mwanza,Malawi,MW,"Mwanza, Southern Region, Malawi, Malawi"
776,218,50.112313451247,-116.71875,Additional project location 2.lat,Additional project location 2.lon,Area D (Lardeau Valley/Duncan Lake),British Columbia,Canada,CA,"Area D (Lardeau Valley/Duncan Lake), Regional District of Central Kootenay, British Columbia, Canada"
777,219,48.681708,2.1701573,Project main location.lat,Project main location.lon,Les Ulis,Ile-de-France,France,FR,"Les Ulis, Palaiseau, Essonne, Ile-de-France, Metropolitan France, 91940, France"
777,219,50.112313451247,-116.71875,Additional project location.lat,Additional project location.lon,Area D (Lardeau Valley/Duncan Lake),British Columbia,Canada,CA,"Area D (Lardeau Valley/Duncan Lake), Regional District of Central Kootenay, British Columbia, Canada"
778,220,3.8861770336994,41.7919921875,Project main location.lat,Project main location.lon,Khalalio ward,Mandera County,Kenya,KE,"Khalalio ward, Mandera East, Mandera County, Kenya"
778,220,3.5572827265413,39.2431640625,Additional project location.lat,Additional project location.lon,,Somali Region,Ethiopia,ET,"Liben, Somali Region, Ethiopia"
778,220,3.9080988818941,41.9677734375,Additional project location 2.lat,Additional project location 2.lon,Beled Hawa بولاهاوا,Gedo,Somalia,SO,"Beled Hawa بولاهاوا, Dolow District, Gedo, Jubaland, Somalia"
780,221,17.50856186494,-88.201955398277,Project main location.lat,Project main location.lon,Belize City,Belize District,Belize,BZ,"Belize City, Belize District, Belize"
780,221,15.601877741868,-90.362548119143,Additional project location.lat,Additional project location.lon,Cobán,Alta Verapaz,Guatemala,GT,"Cobán, Alta Verapaz, Guatemala"
780,221,-23.563954927588,-58.359368193769,Additional project location 2.lat,Additional project location 2.lon,Villa Hayes,Presidente Hayes,Paraguay,PY,"Villa Hayes, Presidente Hayes, Región Occidental, Paraguay"
781,222,50.112313451247,-116.71875,Project main location.lat,Project main location.lon,Area D (Lardeau Valley/Duncan Lake),British Columbia,Canada,CA,"Area D (Lardeau Valley/Duncan Lake), Regional District of Central Kootenay, British Columbia, Canada"
782,223,50.112313451247,-116.71875,Project main location.lat,Project main location.lon,Area D (Lardeau Valley/Duncan Lake),British Columbia,Canada,CA,"Area D (Lardeau Valley/Duncan Lake), Regional District of Central Kootenay, British Columbia, Canada"
783,224,51.1638175,10.4478313,Project main location.lat,Project main location.lon,Vogtei,Thuringia,Germany,DE,"Vogtei, Unstrut-Hainich-Kreis, Thuringia, 99986, Germany"
783,224,30.0338923,-115.1425107,Additional project location.lat,Additional project location.lon,Municipio de San Quintín,Baja California,Mexico,MX,"Municipio de San Quintín, Baja California, Mexico"
783,224,-40.754062522869,-64.937438964844,Additional project location 2.lat,Additional project location 2.lon,San Antonio Oeste,Río Negro,Argentina,AR,"San Antonio Oeste, Departamento San Antonio, Río Negro, Argentina"
784,225,51.1638175,10.4478313,Project main location.lat,Project main location.lon,Vogtei,Thuringia,Germany,DE,"Vogtei, Unstrut-Hainich-Kreis, Thuringia, 99986, Germany"
784,225,39.3260685,-4.8379791,Additional project location.lat,Additional project location.lon,Helechosa de los Montes,Extremadura,Spain,ES,"Helechosa de los Montes, Badajoz, Extremadura, Spain"
784,225,50.112313451247,-116.71875,Additional project location 2.lat,Additional project location 2.lon,Area D (Lardeau Valley/Duncan Lake),British Columbia,Canada,CA,"Area D (Lardeau Valley/Duncan Lake), Regional District of Central Kootenay, British Columbia, Canada"
785,226,33.5130695,36.3095814,Project main location.lat,Project main location.lon,Ancient City of Damascus Municipality,Damascus Governorate,Syria,SY,"Ancient City of Damascus Municipality, Damascus Subdistrict, Damascus District, Damascus Governorate, Syria"
785,226,50.112313451247,-116.71875,Additional project location.lat,Additional project location.lon,Area D (Lardeau Valley/Duncan Lake),British Columbia,Canada,CA,"Area D (Lardeau Valley/Duncan Lake), Regional District of Central Kootenay, British Columbia, Canada"
786,227,33.532612841368,36.307754516602,Project main location.lat,Project main location.lon,Barza Municipality,Damascus Governorate,Syria,SY,"Barza Municipality, Damascus Subdistrict, Damascus District, Damascus Governorate, Syria"
786,227,36.19924,37.1637253,Additional project location.lat,Additional project location.lon,Aleppo,Aleppo Governorate,Syria,SY,"Aleppo, Mount Simeon Subdistrict, Mount Simeon District, Aleppo Governorate, Syria"
786,227,50.112313451247,-116.71875,Additional project location 2.lat,Additional project location 2.lon,Area D (Lardeau Valley/Duncan Lake),British Columbia,Canada,CA,"Area D (Lardeau Valley/Duncan Lake), Regional District of Central Kootenay, British Columbia, Canada"
787,228,36.1517479,37.3935,Project main location.lat,Project main location.lon,As-Safira,Aleppo Governorate,Syria,SY,"As-Safira, As-Safira Subdistrict, As-Safira District, Aleppo Governorate, Syria"
788,229,33.5130695,36.3095814,Project main location.lat,Project main location.lon,Ancient City of Damascus Municipality,Damascus Governorate,Syria,SY,"Ancient City of Damascus Municipality, Damascus Subdistrict, Damascus District, Damascus Governorate, Syria"
788,229,50.112313451247,-116.71875,Additional project location.lat,Additional project location.lon,Area D (Lardeau Valley/Duncan Lake),British Columbia,Canada,CA,"Area D (Lardeau Valley/Duncan Lake), Regional District of Central Kootenay, British Columbia, Canada"
789,230,33.504580146393,36.27320766449,Project main location.lat,Project main location.lon,Al-Mazza Municipality,Damascus Governorate,Syria,SY,"Al-Mazza Municipality, Damascus Subdistrict, Damascus District, Damascus Governorate, Syria"
789,230,50.112313451247,-116.71875,Additional project location.lat,Additional project location.lon,Area D (Lardeau Valley/Duncan Lake),British Columbia,Canada,CA,"Area D (Lardeau Valley/Duncan Lake), Regional District of Central Kootenay, British Columbia, Canada"
790,231,34.6401861,39.0494106,Project main location.lat,Project main location.lon,,Homs Governorate,Syria,SY,"As-Sukhna Subdistrict, Tadmur District, Homs Governorate, Syria"
790,231,33.5130695,36.3095814,Additional project location.lat,Additional project location.lon,Ancient City of Damascus Municipality,Damascus Governorate,Syria,SY,"Ancient City of Damascus Municipality, Damascus Subdistrict, Damascus District, Damascus Governorate, Syria"
790,231,36.19924,37.1637253,Additional project location 2.lat,Additional project location 2.lon,Aleppo,Aleppo Governorate,Syria,SY,"Aleppo, Mount Simeon Subdistrict, Mount Simeon District, Aleppo Governorate, Syria"
791,232,34.6401861,39.0494106,Project main location.lat,Project main location.lon,,Homs Governorate,Syria,SY,"As-Sukhna Subdistrict, Tadmur District, Homs Governorate, Syria"
791,232,33.5130695,36.3095814,Additional project location.lat,Additional project location.lon,Ancient City of Damascus Municipality,Damascus Governorate,Syria,SY,"Ancient City of Damascus Municipality, Damascus Subdistrict, Damascus District, Damascus Governorate, Syria"
791,232,34.7333334,36.7166667,Additional project location 2.lat,Additional project location 2.lon,Homs,Homs Governorate,Syria,SY,"Homs, Homs Subdistrict, Homs District, Homs Governorate, Syria"
792,233,33.514903388749,36.276367306709,Project main location.lat,Project main location.lon,Al-Muhajerin Municipality,Damascus Governorate,Syria,SY,"Al-Muhajerin Municipality, Damascus Subdistrict, Damascus District, Damascus Governorate, Syria"
792,233,33.5696629,36.4012933,Additional project location.lat,Additional project location.lon,Duma,Rif Dimashq Governorate,Syria,SY,"Duma, Duma Subdistrict, Duma District, Rif Dimashq Governorate, Syria"
793,234,-8.5429976050263,115.34545898438,Project main location.lat,Project main location.lon,Gianyar,Bali,Indonesia,ID,"Temesi, Gianyar, Bali, 80515, Indonesia"
793,234,50.112313451247,-116.71875,Additional project location.lat,Additional project location.lon,Area D (Lardeau Valley/Duncan Lake),British Columbia,Canada,CA,"Area D (Lardeau Valley/Duncan Lake), Regional District of Central Kootenay, British Columbia, Canada"
620,1,14.556316482624,121.00313529721,Project main location.lat,Project main location.lon,Makati,,Philippines,PH,"District I, Makati, Southern Manila District, Metro Manila, Philippines"
623,3,35.0841034,-106.650985,Project main location.lat,Project main location.lon,Albuquerque,New Mexico,United States,US,"Albuquerque, Bernalillo County, New Mexico, United States"
623,3,39.4225192,-111.714358,Additional project location.lat,Additional project location.lon,Sanpete County,Utah,United States,US,"Sanpete County, Utah, United States"
626,4,-18.9249604,46.4416422,Project main location.lat,Project main location.lon,Tsiroanomandidy,Bongolava,Madagascar,MG,"Tsiroanomandidy, Bongolava, Province d’Antananarivo, Madagascar"
626,4,33.7734352,-86.8138832,Additional project location.lat,Additional project location.lon,Kimberly,Alabama,United States,US,"Kimberly, Jefferson County, Alabama, 35091, United States"
627,5,46.4198096,15.8717378,Project main location.lat,Project main location.lon,,,Slovenia,SI,"Ptuj, Slovenia"
627,5,50.112313451247,-116.71875,Additional project location.lat,Additional project location.lon,Area D (Lardeau Valley/Duncan Lake),British Columbia,Canada,CA,"Area D (Lardeau Valley/Duncan Lake), Regional District of Central Kootenay, British Columbia, Canada"
628,6,-1.3163123767417,36.837952136993,Project main location.lat,Project main location.lon,Nairobi,Nairobi County,Kenya,KE,"Nairobi South ward, Starehe, Nairobi, Nairobi County, 00603, Kenya"
628,6,50.112313451247,-116.71875,Additional project location.lat,Additional project location.lon,Area D (Lardeau Valley/Duncan Lake),British Columbia,Canada,CA,"Area D (Lardeau Valley/Duncan Lake), Regional District of Central Kootenay, British Columbia, Canada"
629,7,-1.30261485,36.828842018137,Project main location.lat,Project main location.lon,Nairobi,Nairobi County,Kenya,KE,"Landimawe ward, Starehe, Nairobi, Nairobi County, 00500, Kenya"
629,7,50.112313451247,-116.71875,Additional project location.lat,Additional project location.lon,Area D (Lardeau Valley/Duncan Lake),British Columbia,Canada,CA,"Area D (Lardeau Valley/Duncan Lake), Regional District of Central Kootenay, British Columbia, Canada"
630,8,50.112313451247,-116.71875,Project main location.lat,Project main location.lon,Area D (Lardeau Valley/Duncan Lake),British Columbia,Canada,CA,"Area D (Lardeau Valley/Duncan Lake), Regional District of Central Kootenay, British Columbia, Canada"
631,9,4.3854364957115,-73.93798828125,Project main location.lat,Project main location.lon,Cáqueza,Cundinamarca,Colombia,CO,"Cáqueza, Oriente, Cundinamarca, RAP (Especial) Central, Colombia"
631,9,50.112313451247,-116.71875,Additional project location.lat,Additional project location.lon,Area D (Lardeau Valley/Duncan Lake),British Columbia,Canada,CA,"Area D (Lardeau Valley/Duncan Lake), Regional District of Central Kootenay, British Columbia, Canada"
632,10,-0.6799752535208,34.774325679035,Project main location.lat,Project main location.lon,Kisii Central ward,Kisii County,Kenya,KE,"Kisii Central ward, Kisii Central, Kisii County, 42001, Kenya"
632,10,-0.749763,34.6664676,Additional project location.lat,Additional project location.lon,Tabaka ward,Kisii County,Kenya,KE,"Tabaka ward, Gucha South, Kisii County, Kenya"
633,11,24.686172549081,46.629152297974,Project main location.lat,Project main location.lon,Riyadh,Riyadh Region,Saudi Arabia,SA,"Riyadh, Riyadh governorate, Riyadh Region, 12643, Saudi Arabia"
633,11,50.112313451247,-116.71875,Additional project location.lat,Additional project location.lon,Area D (Lardeau Valley/Duncan Lake),British Columbia,Canada,CA,"Area D (Lardeau Valley/Duncan Lake), Regional District of Central Kootenay, British Columbia, Canada"
635,12,9.4395790894294,7.6904296875,Project main location.lat,Project main location.lon,Kushe,Kaduna State,Nigeria,NG,"Kushe, Kagarko, Kaduna State, Nigeria"
635,12,9.5293472,2.2584408,Additional project location.lat,Additional project location.lon,Tchaourou,Borgou Department,Benin,BJ,"Tchaourou, Borgou Department, Benin"
636,13,7.482824,4.5604451,Project main location.lat,Project main location.lon,Ife,Osun State,Nigeria,NG,"Ife, Ife Central, Osun State, 220282, Nigeria"
636,13,50.112313451247,-116.71875,Additional project location.lat,Additional project location.lon,Area D (Lardeau Valley/Duncan Lake),British Columbia,Canada,CA,"Area D (Lardeau Valley/Duncan Lake), Regional District of Central Kootenay, British Columbia, Canada"
637,14,6.664425811259,0.43945297450671,Project main location.lat,Project main location.lon,Ho,Volta Region,Ghana,GH,"Ho, Ho Municipal District, Volta Region, VH-0010-3089, Ghana"
637,14,5.9989117,0.5951312,Additional project location.lat,Additional project location.lon,South Tongu District,Volta Region,Ghana,GH,"South Tongu District, Volta Region, Ghana"
638,15,9.0,38.75,Project main location.lat,Project main location.lon,Kirkos,Addis Ababa,Ethiopia,ET,"Kirkos, Addis Ababa, Ethiopia"
638,15,9.0358287,38.7524127,Additional project location.lat,Additional project location.lon,Addis Ababa,Addis Ababa,Ethiopia,ET,"Addis Ababa, Arada, Addis Ababa, 3578, Ethiopia"
639,16,9.6200446874656,7.921142578125,Project main location.lat,Project main location.lon,Aribi,Kaduna State,Nigeria,NG,"Aribi, Kagarko, Kaduna State, Nigeria"
639,16,9.9529576755777,2.515869140625,Additional project location.lat,Additional project location.lon,N'Dali,Borgou Department,Benin,BJ,"N'Dali, Borgou Department, Benin"
641,17,13.524834,2.109823,Project main location.lat,Project main location.lon,Niamey,,Niger,NE,"Kalley 2, Arrondissement Communal Niamey 2, Niamey, Kollo, Niger"
641,17,17.7356214,9.3238432,Additional project location.lat,Additional project location.lon,Tchirozérine,Agadez Region,Niger,NE,"Tchirozérine, Agadez Region, Niger"
643,18,-2.2454424451683,23.88427734375,Project main location.lat,Project main location.lon,,Sankuru,Democratic Republic of the Congo,CD,"Sankuru, Democratic Republic of the Congo"
643,18,50.112313451247,-116.71875,Additional project location.lat,Additional project location.lon,Area D (Lardeau Valley/Duncan Lake),British Columbia,Canada,CA,"Area D (Lardeau Valley/Duncan Lake), Regional District of Central Kootenay, British Columbia, Canada"
645,19,-2.4833826,117.8902853,Project main location.lat,Project main location.lon,,West Sulawesi,Indonesia,ID,"West Sulawesi, Indonesia"
646,20,50.112313451247,-116.71875,Project main location.lat,Project main location.lon,Area D (Lardeau Valley/Duncan Lake),British Columbia,Canada,CA,"Area D (Lardeau Valley/Duncan Lake), Regional District of Central Kootenay, British Columbia, Canada"
648,21,50.112313451247,-116.71875,Project main location.lat,Project main location.lon,Area D (Lardeau Valley/Duncan Lake),British Columbia,Canada,CA,"Area D (Lardeau Valley/Duncan Lake), Regional District of Central Kootenay, British Columbia, Canada"
649,22,50.112313451247,-116.71875,Project main location.lat,Project main location.lon,Area D (Lardeau Valley/Duncan Lake),British Columbia,Canada,CA,"Area D (Lardeau Valley/Duncan Lake), Regional District of Central Kootenay, British Columbia, Canada"
649,22,50.156138753418,-116.68453216378,Additional project location.lat,Additional project location.lon,Area D (Lardeau Valley/Duncan Lake),British Columbia,Canada,CA,"Area D (Lardeau Valley/Duncan Lake), Regional District of Central Kootenay, British Columbia, Canada"
650,23,-1.7379765183929,37.276611328125,Project main location.lat,Project main location.lon,Kiima kiu/kalanzoni ward,Makueni,Kenya,KE,"Kiima kiu/kalanzoni ward, Kilome, Makueni, Kenya"
650,23,0.2479211700113,34.767608642578,Additional project location.lat,Additional project location.lon,Isukha South ward,Kakamega County,Kenya,KE,"Isukha South ward, Shinyalu, Kakamega County, Kenya"
651,24,8.3348348,-12.4486705,Project main location.lat,Project main location.lon,,Tonkolili District,Sierra Leone,SL,"Tonkolili District, Northern Province, Sierra Leone, Sierra Leone"
651,24,8.3769134902825,-12.430075202199,Additional project location.lat,Additional project location.lon,,Tonkolili District,Sierra Leone,SL,"Tonkolili District, Northern Province, Sierra Leone, Sierra Leone"
653,25,50.112313451247,-116.71875,Project main location.lat,Project main location.lon,Area D (Lardeau Valley/Duncan Lake),British Columbia,Canada,CA,"Area D (Lardeau Valley/Duncan Lake), Regional District of Central Kootenay, British Columbia, Canada"
655,26,-3.3696827,36.6880794,Project main location.lat,Project main location.lon,Arusha,Arusha,Tanzania,TZ,"Arusha, Arusha Municipal, Arusha, Northern Zone, 23103, Tanzania"
655,26,50.112313451247,-116.71875,Additional project location.lat,Additional project location.lon,Area D (Lardeau Valley/Duncan Lake),British Columbia,Canada,CA,"Area D (Lardeau Valley/Duncan Lake), Regional District of Central Kootenay, British Columbia, Canada"
656,27,50.112313451247,-116.71875,Project main location.lat,Project main location.lon,Area D (Lardeau Valley/Duncan Lake),British Columbia,Canada,CA,"Area D (Lardeau Valley/Duncan Lake), Regional District of Central Kootenay, British Columbia, Canada"
657,28,27.165323419497,78.004912661258,Project main location.lat,Project main location.lon,Agra,Uttar Pradesh,India,IN,"Agra, Uttar Pradesh, 280001, India"
657,28,28.614869066602,77.197792439468,Additional project location.lat,Additional project location.lon,New Delhi,Delhi,India,IN,"New Delhi, Delhi, India"
658,29,10.057656829564,7.965087890625,Project main location.lat,Project main location.lon,Agunu,Kaduna State,Nigeria,NG,"Agunu, Kachia, Kaduna State, Nigeria"
658,29,50.112313451247,-116.71875,Additional project location.lat,Additional project location.lon,Area D (Lardeau Valley/Duncan Lake),British Columbia,Canada,CA,"Area D (Lardeau Valley/Duncan Lake), Regional District of Central Kootenay, British Columbia, Canada"
659,30,1.4419683,38.4313975,Project main location.lat,Project main location.lon,Merti,Isiolo,Kenya,KE,"Merti, Isiolo, Kenya"
660,31,-2.12171705,36.78625503676,Project main location.lat,Project main location.lon,Matapato North ward,Kajiado County,Kenya,KE,"Matapato North ward, Kajiado Central, Kajiado County, Kenya"
660,31,50.112313451247,-116.71875,Additional project location.lat,Additional project location.lon,Area D (Lardeau Valley/Duncan Lake),British Columbia,Canada,CA,"Area D (Lardeau Valley/Duncan Lake), Regional District of Central Kootenay, British Columbia, Canada"
661,32,-1.30261485,36.828842018137,Project main location.lat,Project main location.lon,Nairobi,Nairobi County,Kenya,KE,"Landimawe ward, Starehe, Nairobi, Nairobi County, 00500, Kenya"
661,32,-18.1553985,49.4098352,Additional project location.lat,Additional project location.lon,Toamasina,Atsinanana,Madagascar,MG,"Toamasina, Toamasina I, Atsinanana, Toamasina Province, 501, Madagascar"
662,33,40.7127281,-74.0060152,Project main location.lat,Project main location.lon,New York,New York,United States,US,"Manhattan, New York County, New York, United States"
662,33,22.512556954051,79.2333984375,Additional project location.lat,Additional project location.lon,Harrai Tahsil,Madhya Pradesh,India,IN,"Harrai Tahsil, Chhindwara, Madhya Pradesh, 480224, India"
663,34,22.161727070562,79.263589933778,Project main location.lat,Project main location.lon,Chaurai Tahsil,Madhya Pradesh,India,IN,"Chaurai Tahsil, Chhindwara, Madhya Pradesh, 480115, India"
663,34,50.112313451247,-116.71875,Additional project location.lat,Additional project location.lon,Area D (Lardeau Valley/Duncan Lake),British Columbia,Canada,CA,"Area D (Lardeau Valley/Duncan Lake), Regional District of Central Kootenay, British Columbia, Canada"
664,35,5.8639881928117,13.359375,Project main location.lat,Project main location.lon,Bétaré-Oya,East,Cameroon,CM,"Bétaré-Oya, Lom-et-Djérem, East, Cameroon"
664,35,4.1567895,9.2315915,Additional project location.lat,Additional project location.lon,Buea,Southwest,Cameroon,CM,"Buea, Fako, Southwest, Cameroon"
668,36,-15.498348299556,28.531494140625,Project main location.lat,Project main location.lon,,Lusaka Province,Zambia,ZM,"Chongwe District, Lusaka Province, Zambia"
668,36,50.112313451247,-116.71875,Additional project location.lat,Additional project location.lon,Area D (Lardeau Valley/Duncan Lake),British Columbia,Canada,CA,"Area D (Lardeau Valley/Duncan Lake), Regional District of Central Kootenay, British Columbia, Canada"
669,37,55.7505412,37.6174782,Project main location.lat,Project main location.lon,Moscow,Moscow,Russia,RU,"Moscow, Central Federal District, Russia"
669,37,50.112313451247,-116.71875,Additional project location.lat,Additional project location.lon,Area D (Lardeau Valley/Duncan Lake),British Columbia,Canada,CA,"Area D (Lardeau Valley/Duncan Lake), Regional District of Central Kootenay, British Columbia, Canada"
670,38,-2.2639714765035,36.925146373295,Project main location.lat,Project main location.lon,Matapato North ward,Kajiado County,Kenya,KE,"Matapato North ward, Kajiado Central, Kajiado County, Kenya"
670,38,50.112313451247,-116.71875,Additional project location.lat,Additional project location.lon,Area D (Lardeau Valley/Duncan Lake),British Columbia,Canada,CA,"Area D (Lardeau Valley/Duncan Lake), Regional District of Central Kootenay, British Columbia, Canada"
671,39,50.112313451247,-116.71875,Project main location.lat,Project main location.lon,Area D (Lardeau Valley/Duncan Lake),British Columbia,Canada,CA,"Area D (Lardeau Valley/Duncan Lake), Regional District of Central Kootenay, British Columbia, Canada"
671,39,50.101863421449,-116.68544769287,Additional project location.lat,Additional project location.lon,Area D (Lardeau Valley/Duncan Lake),British Columbia,Canada,CA,"Area D (Lardeau Valley/Duncan Lake), Regional District of Central Kootenay, British Columbia, Canada"
672,40,50.112313451247,-116.71875,Project main location.lat,Project main location.lon,Area D (Lardeau Valley/Duncan Lake),British Columbia,Canada,CA,"Area D (Lardeau Valley/Duncan Lake), Regional District of Central Kootenay, British Columbia, Canada"
673,41,-2.9814344,23.8222636,Project main location.lat,Project main location.lon,,Sankuru,Democratic Republic of the Congo,CD,"Sankuru, Democratic Republic of the Congo"
673,41,26.2540493,29.2675469,Additional project location.lat,Additional project location.lon,,New Valley,Egypt,EG,"New Valley, Egypt"
674,42,50.112313451247,-116.71875,Project main location.lat,Project main location.lon,Area D (Lardeau Valley/Duncan Lake),British Columbia,Canada,CA,"Area D (Lardeau Valley/Duncan Lake), Regional District of Central Kootenay, British Columbia, Canada"
675,43,6.130419,1.215829,Project main location.lat,Project main location.lon,Lomé,Maritime Region,Togo,TG,"Lomé, Maritime Region, Togo"
675,43,50.112313451247,-116.71875,Additional project location.lat,Additional project location.lon,Area D (Lardeau Valley/Duncan Lake),British Columbia,Canada,CA,"Area D (Lardeau Valley/Duncan Lake), Regional District of Central Kootenay, British Columbia, Canada"
676,44,12.4670756,-3.4591436,Project main location.lat,Project main location.lon,Dédougou,,Burkina Faso,BF,"Dédougou, Mouhoun, Boucle du Mouhoun, Burkina Faso"
677,45,7.1405174027634,37.177047729492,Project main location.lat,Project main location.lon,,South West Ethiopia Peoples,Ethiopia,ET,"Dawro, South West Ethiopia Peoples, Ethiopia"
677,45,50.112313451247,-116.71875,Additional project location.lat,Additional project location.lon,Area D (Lardeau Valley/Duncan Lake),British Columbia,Canada,CA,"Area D (Lardeau Valley/Duncan Lake), Regional District of Central Kootenay, British Columbia, Canada"
678,46,50.112313451247,-116.71875,Project main location.lat,Project main location.lon,Area D (Lardeau Valley/Duncan Lake),British Columbia,Canada,CA,"Area D (Lardeau Valley/Duncan Lake), Regional District of Central Kootenay, British Columbia, Canada"
679,47,6.4516197955334,2.3521041870117,Project main location.lat,Project main location.lon,Abomey-Calavi,Atlantique Department,Benin,BJ,"Abomey-Calavi, Atlantique Department, Benin"
679,47,50.112313451247,-116.71875,Additional project location.lat,Additional project location.lon,Area D (Lardeau Valley/Duncan Lake),British Columbia,Canada,CA,"Area D (Lardeau Valley/Duncan Lake), Regional District of Central Kootenay, British Columbia, Canada"
680,48,1.4419683,38.4313975,Project main location.lat,Project main location.lon,Merti,Isiolo,Kenya,KE,"Merti, Isiolo, Kenya"
680,48,50.112313451247,-116.71875,Additional project location.lat,Additional project location.lon,Area D (Lardeau Valley/Duncan Lake),British Columbia,Canada,CA,"Area D (Lardeau Valley/Duncan Lake), Regional District of Central Kootenay, British Columbia, Canada"
681,49,50.112313451247,-116.71875,Project main location.lat,Project main location.lon,Area D (Lardeau Valley/Duncan Lake),British Columbia,Canada,CA,"Area D (Lardeau Valley/Duncan Lake), Regional District of Central Kootenay, British Columbia, Canada"
682,50,8.495462762626,-13.246765136719,Project main location.lat,Project main location.lon,Freetown,Western Area Urban,Sierra Leone,SL,"Freetown, Western Area Urban, Western Area, Sierra Leone"
682,50,50.112313451247,-116.71875,Additional project location.lat,Additional project location.lon,Area D (Lardeau Valley/Duncan Lake),British Columbia,Canada,CA,"Area D (Lardeau Valley/Duncan Lake), Regional District of Central Kootenay, British Columbia, Canada"
685,51,19.725342248058,-99.6240234375,Project main location.lat,Project main location.lon,Santa Clara de Juárez,State of Mexico,Mexico,MX,"Santa Clara de Juárez, Morelos, State of Mexico, 50560, Mexico"
685,51,39.909736234537,-78.75,Additional project location.lat,Additional project location.lon,Juniata Township,Pennsylvania,United States,US,"Juniata Township, Bedford County, Pennsylvania, United States"
686,52,50.112313451247,-116.71875,Project main location.lat,Project main location.lon,Area D (Lardeau Valley/Duncan Lake),British Columbia,Canada,CA,"Area D (Lardeau Valley/Duncan Lake), Regional District of Central Kootenay, British Columbia, Canada"
687,53,50.112313451247,-116.71875,Project main location.lat,Project main location.lon,Area D (Lardeau Valley/Duncan Lake),British Columbia,Canada,CA,"Area D (Lardeau Valley/Duncan Lake), Regional District of Central Kootenay, British Columbia, Canada"
688,54,9.6000359,7.9999721,Project main location.lat,Project main location.lon,Kurmin Musa,Kaduna State,Nigeria,NG,"Kurmin Musa, Kachia, Kaduna State, Nigeria"
688,54,56.606273806935,-101.36877099075,Additional project location.lat,Additional project location.lon,Unorganized Division No. 23,Manitoba,Canada,CA,"Unorganized Division No. 23, Manitoba, Canada"
690,55,50.112313451247,-116.71875,Project main location.lat,Project main location.lon,Area D (Lardeau Valley/Duncan Lake),British Columbia,Canada,CA,"Area D (Lardeau Valley/Duncan Lake), Regional District of Central Kootenay, British Columbia, Canada"
691,56,-1.2136405,36.87930533266,Project main location.lat,Project main location.lon,Nairobi,Nairobi County,Kenya,KE,"Nairobi, Nairobi County, Kenya"
691,56,2.9327809,31.3867967,Additional project location.lat,Additional project location.lon,,Madi Okollo,Uganda,UG,"Rhino Camp, Madi Okollo, Uganda"
692,57,-1.2441317072363,36.886465419084,Project main location.lat,Project main location.lon,Nairobi,Nairobi County,Kenya,KE,"Babadogo ward, Kasarani, Nairobi, Nairobi County, 00623, Kenya"
692,57,50.112313451247,-116.71875,Additional project location.lat,Additional project location.lon,Area D (Lardeau Valley/Duncan Lake),British Columbia,Canada,CA,"Area D (Lardeau Valley/Duncan Lake), Regional District of Central Kootenay, British Columbia, Canada"
693,58,0.01403,37.074632,Project main location.lat,Project main location.lon,Laikipia East,Laikipia County,Kenya,KE,"Laikipia East, Laikipia County, 10400, Kenya"
693,58,50.112313451247,-116.71875,Additional project location.lat,Additional project location.lon,Area D (Lardeau Valley/Duncan Lake),British Columbia,Canada,CA,"Area D (Lardeau Valley/Duncan Lake), Regional District of Central Kootenay, British Columbia, Canada"
695,59,50.112313451247,-116.71875,Project main location.lat,Project main location.lon,Area D (Lardeau Valley/Duncan Lake),British Columbia,Canada,CA,"Area D (Lardeau Valley/Duncan Lake), Regional District of Central Kootenay, British Columbia, Canada"
696,60,8.5255122607268,-11.497192382812,Project main location.lat,Project main location.lon,,Kenema District,Sierra Leone,SL,"Kenema District, Eastern Province, Sierra Leone"
696,60,50.112313451247,-116.71875,Additional project location.lat,Additional project location.lon,Area D (Lardeau Valley/Duncan Lake),British Columbia,Canada,CA,"Area D (Lardeau Valley/Duncan Lake), Regional District of Central Kootenay, British Columbia, Canada"
697,61,-0.6804859096764,35.133926854469,Project main location.lat,Project main location.lon,Sotik,Bomet,Kenya,KE,"Sotik, Bomet, Kenya"
697,61,50.112313451247,-116.71875,Additional project location.lat,Additional project location.lon,Area D (Lardeau Valley/Duncan Lake),British Columbia,Canada,CA,"Area D (Lardeau Valley/Duncan Lake), Regional District of Central Kootenay, British Columbia, Canada"
698,62,-1.24339825,36.877873043473,Project main location.lat,Project main location.lon,Nairobi,Nairobi County,Kenya,KE,"Babadogo ward, Kasarani, Nairobi, Nairobi County, 00623, Kenya"
698,62,1.4419683,38.4313975,Additional project location.lat,Additional project location.lon,Merti,Isiolo,Kenya,KE,"Merti, Isiolo, Kenya"
699,63,-1.24339825,36.877873043473,Project main location.lat,Project main location.lon,Nairobi,Nairobi County,Kenya,KE,"Babadogo ward, Kasarani, Nairobi, Nairobi County, 00623, Kenya"
699,63,50.112313451247,-116.71875,Additional project location.lat,Additional project location.lon,Area D (Lardeau Valley/Duncan Lake),British Columbia,Canada,CA,"Area D (Lardeau Valley/Duncan Lake), Regional District of Central Kootenay, British Columbia, Canada"
700,64,-1.24339825,36.877873043473,Project main location.lat,Project main location.lon,Nairobi,Nairobi County,Kenya,KE,"Babadogo ward, Kasarani, Nairobi, Nairobi County, 00623, Kenya"
700,64,50.112313451247,-116.71875,Additional project location.lat,Additional project location.lon,Area D (Lardeau Valley/Duncan Lake),British Columbia,Canada,CA,"Area D (Lardeau Valley/Duncan Lake), Regional District of Central Kootenay, British Columbia, Canada"
701,65,50.112313451247,-116.71875,Project main location.lat,Project main location.lon,Area D (Lardeau Valley/Duncan Lake),British Columbia,Canada,CA,"Area D (Lardeau Valley/Duncan Lake), Regional District of Central Kootenay, British Columbia, Canada"
702,66,50.112313451247,-116.71875,Project main location.lat,Project main location.lon,Area D (Lardeau Valley/Duncan Lake),British Columbia,Canada,CA,"Area D (Lardeau Valley/Duncan Lake), Regional District of Central Kootenay, British Columbia, Canada"
702,66,-1.2481492324356,36.885641102884,Additional project location.lat,Additional project location.lon,Nairobi,Nairobi County,Kenya,KE,"Babadogo ward, Kasarani, Nairobi, Nairobi County, 00623, Kenya"
704,67,23.58110551685,90.845947265625,Project main location.lat,Project main location.lon,Daudkandi Upazila,Chattogram Division,Bangladesh,BD,"Daudkandi Upazila, Cumilla District, Chattogram Division, Bangladesh"
704,67,23.7644025,90.389015,Additional project location.lat,Additional project location.lon,Dhaka,Dhaka Division,Bangladesh,BD,"Dhaka, Dhaka Metropolitan, Dhaka District, Dhaka Division, 1215, Bangladesh"
705,68,1.4419683,38.4313975,Project main location.lat,Project main location.lon,Merti,Isiolo,Kenya,KE,"Merti, Isiolo, Kenya"
705,68,50.112313451247,-116.71875,Additional project location.lat,Additional project location.lon,Area D (Lardeau Valley/Duncan Lake),British Columbia,Canada,CA,"Area D (Lardeau Valley/Duncan Lake), Regional District of Central Kootenay, British Columbia, Canada"
706,69,1.4419683,38.4313975,Project main location.lat,Project main location.lon,Merti,Isiolo,Kenya,KE,"Merti, Isiolo, Kenya"
706,69,50.112313451247,-116.71875,Additional project location.lat,Additional project location.lon,Area D (Lardeau Valley/Duncan Lake),British Columbia,Canada,CA,"Area D (Lardeau Valley/Duncan Lake), Regional District of Central Kootenay, British Columbia, Canada"
707,70,1.4419683,38.4313975,Project main location.lat,Project main location.lon,Merti,Isiolo,Kenya,KE,"Merti, Isiolo, Kenya"
707,70,50.112313451247,-116.71875,Additional project location.lat,Additional project location.lon,Area D (Lardeau Valley/Duncan Lake),British Columbia,Canada,CA,"Area D (Lardeau Valley/Duncan Lake), Regional District of Central Kootenay, British Columbia, Canada"
708,71,14.73969074504,-17.463455200195,Project main location.lat,Project main location.lon,Dakar,Dakar Region,Senegal,SN,"Commune de Grand Yoff, commune d'arrondissement des Parcelles Assainies, Dakar, Dakar Region, 11500, Senegal"
708,71,14.7426165,-17.453327,Additional project location.lat,Additional project location.lon,Dakar,Dakar Region,Senegal,SN,"Commune de Grand Yoff, commune d'arrondissement des Parcelles Assainies, Dakar, Dakar Region, 11500, Senegal"
710,72,1.4419683,38.4313975,Project main location.lat,Project main location.lon,Merti,Isiolo,Kenya,KE,"Merti, Isiolo, Kenya"
710,72,8.0300284,-1.0800271,Additional project location.lat,Additional project location.lon,East Gonja Municipal District,Savannah Region,Ghana,GH,"East Gonja Municipal District, Savannah Region, Ghana"
712,73,17.0050454,81.7804732,Project main location.lat,Project main location.lon,Rajamahendravaram,Andhra Pradesh,India,IN,"Rajamahendravaram, Rajahmundry Urban, East Godavari, Andhra Pradesh, 533100, India"
712,73,16.9437385,82.2350607,Additional project location.lat,Additional project location.lon,Kakinada,Andhra Pradesh,India,IN,"Kakinada, Kakinada Urban, Kakinada, Andhra Pradesh, 533001, India"
713,74,-0.7261542,39.007068,Project main location.lat,Project main location.lon,Bura,Tana River County,Kenya,KE,"Bura, Tana River County, Kenya"
715,75,50.112313451247,-116.71875,Project main location.lat,Project main location.lon,Area D (Lardeau Valley/Duncan Lake),British Columbia,Canada,CA,"Area D (Lardeau Valley/Duncan Lake), Regional District of Central Kootenay, British Columbia, Canada"
718,76,9.6000359,7.9999721,Project main location.lat,Project main location.lon,Kurmin Musa,Kaduna State,Nigeria,NG,"Kurmin Musa, Kachia, Kaduna State, Nigeria"
718,76,50.112313451247,-116.71875,Additional project location.lat,Additional project location.lon,Area D (Lardeau Valley/Duncan Lake),British Columbia,Canada,CA,"Area D (Lardeau Valley/Duncan Lake), Regional District of Central Kootenay, British Columbia, Canada"
719,77,9.0358287,38.7524127,Project main location.lat,Project main location.lon,Addis Ababa,Addis Ababa,Ethiopia,ET,"Addis Ababa, Arada, Addis Ababa, 3578, Ethiopia"
719,77,50.112313451247,-116.71875,Additional project location.lat,Additional project location.lon,Area D (Lardeau Valley/Duncan Lake),British Columbia,Canada,CA,"Area D (Lardeau Valley/Duncan Lake), Regional District of Central Kootenay, British Columbia, Canada"
721,78,1.4423505,32.1857889,Project main location.lat,Project main location.lon,,Nakasongola,Uganda,UG,"Nakasongola, Central Region, Uganda"
721,78,-3.3638125,29.3675028,Additional project location.lat,Additional project location.lon,Bujumbura,Bujumbura Mairie,Burundi,BI,"Bujumbura, Bujumbura Mairie, Burundi"
722,79,-6.5247123,35.7878438,Project main location.lat,Project main location.lon,,Dodoma Region,Tanzania,TZ,"Chamwino, Dodoma Region, Central Zone, Tanzania"
722,79,50.112313451247,-116.71875,Additional project location.lat,Additional project location.lon,Area D (Lardeau Valley/Duncan Lake),British Columbia,Canada,CA,"Area D (Lardeau Valley/Duncan Lake), Regional District of Central Kootenay, British Columbia, Canada"
723,80,1.8860119870096,38.551025390625,Project main location.lat,Project main location.lon,Turbi ward,Marsabit County,Kenya,KE,"Turbi ward, North Horr, Marsabit County, Kenya"
723,80,50.112313451247,-116.71875,Additional project location.lat,Additional project location.lon,Area D (Lardeau Valley/Duncan Lake),British Columbia,Canada,CA,"Area D (Lardeau Valley/Duncan Lake), Regional District of Central Kootenay, British Columbia, Canada"
724,81,12.302014105172,8.7683947384357,Project main location.lat,Project main location.lon,Gwarzo,Jigawa State,Nigeria,NG,"Gwarzo, Garki, Jigawa State, Nigeria"
724,81,50.112313451247,-116.71875,Additional project location.lat,Additional project location.lon,Area D (Lardeau Valley/Duncan Lake),British Columbia,Canada,CA,"Area D (Lardeau Valley/Duncan Lake), Regional District of Central Kootenay, British Columbia, Canada"
725,82,50.112313451247,-116.71875,Project main location.lat,Project main location.lon,Area D (Lardeau Valley/Duncan Lake),British Columbia,Canada,CA,"Area D (Lardeau Valley/Duncan Lake), Regional District of Central Kootenay, British Columbia, Canada"
726,83,40.7127281,-74.0060152,Project main location.lat,Project main location.lon,New York,New York,United States,US,"Manhattan, New York County, New York, United States"
726,83,50.112313451247,-116.71875,Additional project location.lat,Additional project location.lon,Area D (Lardeau Valley/Duncan Lake),British Columbia,Canada,CA,"Area D (Lardeau Valley/Duncan Lake), Regional District of Central Kootenay, British Columbia, Canada"
727,84,8.177225501132,6.9049072265625,Project main location.lat,Project main location.lon,Kogi,Kogi State,Nigeria,NG,"Kogi, Kogi State, Nigeria"
727,84,-1.8391785544525,37.699327468872,Additional project location.lat,Additional project location.lon,Muvau/kikumini ward,Makueni,Kenya,KE,"Muvau/kikumini ward, Makueni Subcounty, Makueni, Kenya"
729,86,-1.2954919976303,36.844888329506,Project main location.lat,Project main location.lon,Nairobi,Nairobi County,Kenya,KE,"Makongeni ward, Makadara subcounty, Nairobi, Nairobi County, 00101, Kenya"
729,86,50.112313451247,-116.71875,Additional project location.lat,Additional project location.lon,Area D (Lardeau Valley/Duncan Lake),British Columbia,Canada,CA,"Area D (Lardeau Valley/Duncan Lake), Regional District of Central Kootenay, British Columbia, Canada"
730,87,1.4419683,38.4313975,Project main location.lat,Project main location.lon,Merti,Isiolo,Kenya,KE,"Merti, Isiolo, Kenya"
730,87,50.112313451247,-116.71875,Additional project location.lat,Additional project location.lon,Area D (Lardeau Valley/Duncan Lake),British Columbia,Canada,CA,"Area D (Lardeau Valley/Duncan Lake), Regional District of Central Kootenay, British Columbia, Canada"
731,88,43.739352079155,7.4240112304688,Project main location.lat,Project main location.lon,Monaco,,Monaco,MC,Monaco
731,88,-8.7443169,126.063482,Additional project location.lat,Additional project location.lon,,Manatuto,East Timor,TL,"Barique, Manatuto, East Timor"
732,89,9.6000359,7.9999721,Project main location.lat,Project main location.lon,Kurmin Musa,Kaduna State,Nigeria,NG,"Kurmin Musa, Kachia, Kaduna State, Nigeria"
732,89,50.112313451247,-116.71875,Additional project location.lat,Additional project location.lon,Area D (Lardeau Valley/Duncan Lake),British Columbia,Canada,CA,"Area D (Lardeau Valley/Duncan Lake), Regional District of Central Kootenay, British Columbia, Canada"
734,90,1.5333554,32.2166578,Project main location.lat,Project main location.lon,,Nakasongola,Uganda,UG,"Nakasongola, Central Region, Uganda"
734,90,50.112313451247,-116.71875,Additional project location.lat,Additional project location.lon,Area D (Lardeau Valley/Duncan Lake),British Columbia,Canada,CA,"Area D (Lardeau Valley/Duncan Lake), Regional District of Central Kootenay, British Columbia, Canada"
738,91,40.7127281,-74.0060152,Project main location.lat,Project main location.lon,New York,New York,United States,US,"Manhattan, New York County, New York, United States"
738,91,50.112313451247,-116.71875,Additional project location.lat,Additional project location.lon,Area D (Lardeau Valley/Duncan Lake),British Columbia,Canada,CA,"Area D (Lardeau Valley/Duncan Lake), Regional District of Central Kootenay, British Columbia, Canada"
739,92,51.7520131,-1.2578499,Project main location.lat,Project main location.lon,Oxford,England,United Kingdom,GB,"Oxford, Oxfordshire, England, United Kingdom"
739,92,50.112313451247,-116.71875,Additional project location.lat,Additional project location.lon,Area D (Lardeau Valley/Duncan Lake),British Columbia,Canada,CA,"Area D (Lardeau Valley/Duncan Lake), Regional District of Central Kootenay, British Columbia, Canada"
741,93,0.3177137,32.5813539,Project main location.lat,Project main location.lon,Kampala,Central Region,Uganda,UG,"Central, Kampala, Central Region, Uganda"
741,93,50.112313451247,-116.71875,Additional project location.lat,Additional project location.lon,Area D (Lardeau Valley/Duncan Lake),British Columbia,Canada,CA,"Area D (Lardeau Valley/Duncan Lake), Regional District of Central Kootenay, British Columbia, Canada"
744,94,-4.5016535547981,15.208554267883,Project main location.lat,Project main location.lon,,Kinshasa,Democratic Republic of the Congo,CD,"Mont Ngafula, Kinshasa, Democratic Republic of the Congo"
744,94,50.112313451247,-116.71875,Additional project location.lat,Additional project location.lon,Area D (Lardeau Valley/Duncan Lake),British Columbia,Canada,CA,"Area D (Lardeau Valley/Duncan Lake), Regional District of Central Kootenay, British Columbia, Canada"
745,95,-16.661453978112,-68.13720703125,Project main location.lat,Project main location.lon,Achocalla,La Paz,Bolivia,BO,"Achocalla, Provincia Pedro Domingo Murillo, La Paz, Bolivia"
749,96,7.8812925954498,7.8796005249023,Project main location.lat,Project main location.lon,Agatu,Benue State,Nigeria,NG,"Agatu, Benue State, Nigeria"
749,96,50.112313451247,-116.71875,Additional project location.lat,Additional project location.lon,Area D (Lardeau Valley/Duncan Lake),British Columbia,Canada,CA,"Area D (Lardeau Valley/Duncan Lake), Regional District of Central Kootenay, British Columbia, Canada"
755,97,-1.2950827,36.7730971,Project main location.lat,Project main location.lon,Nairobi,Nairobi County,Kenya,KE,"Kilimani ward, Kilimani division, Westlands, Nairobi, Nairobi County, Kenya"
755,97,50.112313451247,-116.71875,Additional project location.lat,Additional project location.lon,Area D (Lardeau Valley/Duncan Lake),British Columbia,Canada,CA,"Area D (Lardeau Valley/Duncan Lake), Regional District of Central Kootenay, British Columbia, Canada"
756,98,50.112313451247,-116.71875,Project main location.lat,Project main location.lon,Area D (Lardeau Valley/Duncan Lake),British Columbia,Canada,CA,"Area D (Lardeau Valley/Duncan Lake), Regional District of Central Kootenay, British Columbia, Canada"
757,99,50.112313451247,-116.71875,Project main location.lat,Project main location.lon,Area D (Lardeau Valley/Duncan Lake),British Columbia,Canada,CA,"Area D (Lardeau Valley/Duncan Lake), Regional District of Central Kootenay, British Columbia, Canada"
758,100,50.112313451247,-116.71875,Project main location.lat,Project main location.lon,Area D (Lardeau Valley/Duncan Lake),British Columbia,Canada,CA,"Area D (Lardeau Valley/Duncan Lake), Regional District of Central Kootenay, British Columbia, Canada"
759,101,14.586961852363,120.98458886147,Project main location.lat,Project main location.lon,Manila,,Philippines,PH,"Ermita, Fifth District, Manila, Capital District, Metro Manila, 1000, Philippines"
759,101,50.112313451247,-116.71875,Additional project location.lat,Additional project location.lon,Area D (Lardeau Valley/Duncan Lake),British Columbia,Canada,CA,"Area D (Lardeau Valley/Duncan Lake), Regional District of Central Kootenay, British Columbia, Canada"
762,102,50.112313451247,-116.71875,Project main location.lat,Project main location.lon,Area D (Lardeau Valley/Duncan Lake),British Columbia,Canada,CA,"Area D (Lardeau Valley/Duncan Lake), Regional District of Central Kootenay, British Columbia, Canada"
763,103,9.0643305,7.4892974,Project main location.lat,Project main location.lon,Abuja,Federal Capital Territory,Nigeria,NG,"Abuja, Municipal Area Council, Federal Capital Territory, 900001, Nigeria"
763,103,50.112313451247,-116.71875,Additional project location.lat,Additional project location.lon,Area D (Lardeau Valley/Duncan Lake),British Columbia,Canada,CA,"Area D (Lardeau Valley/Duncan Lake), Regional District of Central Kootenay, British Columbia, Canada"
764,105,50.112313451247,-116.71875,Project main location.lat,Project main location.lon,Area D (Lardeau Valley/Duncan Lake),British Columbia,Canada,CA,"Area D (Lardeau Valley/Duncan Lake), Regional District of Central Kootenay, British Columbia, Canada"
766,106,50.112313451247,-116.71875,Project main location.lat,Project main location.lon,Area D (Lardeau Valley/Duncan Lake),British Columbia,Canada,CA,"Area D (Lardeau Valley/Duncan Lake), Regional District of Central Kootenay, British Columbia, Canada"
767,107,50.117604535663,-116.71634674072,Project main location.lat,Project main location.lon,Area D (Lardeau Valley/Duncan Lake),British Columbia,Canada,CA,"Area D (Lardeau Valley/Duncan Lake), Regional District of Central Kootenay, British Columbia, Canada"
767,107,50.112313451247,-116.71875,Additional project location.lat,Additional project location.lon,Area D (Lardeau Valley/Duncan Lake),British Columbia,Canada,CA,"Area D (Lardeau Valley/Duncan Lake), Regional District of Central Kootenay, British Columbia, Canada"
768,108,50.112313451247,-116.71875,Project main location.lat,Project main location.lon,Area D (Lardeau Valley/Duncan Lake),British Columbia,Canada,CA,"Area D (Lardeau Valley/Duncan Lake), Regional District of Central Kootenay, British Columbia, Canada"
770,109,50.112313451247,-116.71875,Project main location.lat,Project main location.lon,Area D (Lardeau Valley/Duncan Lake),British Columbia,Canada,CA,"Area D (Lardeau Valley/Duncan Lake), Regional District of Central Kootenay, British Columbia, Canada"
771,110,-1.30261485,36.828842018137,Project main location.lat,Project main location.lon,Nairobi,Nairobi County,Kenya,KE,"Landimawe ward, Starehe, Nairobi, Nairobi County, 00500, Kenya"
771,110,50.112313451247,-116.71875,Additional project location.lat,Additional project location.lon,Area D (Lardeau Valley/Duncan Lake),British Columbia,Canada,CA,"Area D (Lardeau Valley/Duncan Lake), Regional District of Central Kootenay, British Columbia, Canada"
773,111,52.2434979,5.6343227,Project main location.lat,Project main location.lon,Putten,Gelderland,Netherlands,NL,"Putten, Gelderland, Netherlands"
773,111,50.112313451247,-116.71875,Additional project location.lat,Additional project location.lon,Area D (Lardeau Valley/Duncan Lake),British Columbia,Canada,CA,"Area D (Lardeau Valley/Duncan Lake), Regional District of Central Kootenay, British Columbia, Canada"
774,112,-0.4567099,39.6404713,Project main location.lat,Project main location.lon,Garissa Township,Garissa,Kenya,KE,"Garissa Township, Garissa, Kenya"
774,112,50.112313451247,-116.71875,Additional project location.lat,Additional project location.lon,Area D (Lardeau Valley/Duncan Lake),British Columbia,Canada,CA,"Area D (Lardeau Valley/Duncan Lake), Regional District of Central Kootenay, British Columbia, Canada"
775,113,5.489736,7.0341973,Project main location.lat,Project main location.lon,Owerri,Imo State,Nigeria,NG,"Owerri, Owerri Municipal, Imo State, 460242, Nigeria"
775,113,50.112313451247,-116.71875,Additional project location.lat,Additional project location.lon,Area D (Lardeau Valley/Duncan Lake),British Columbia,Canada,CA,"Area D (Lardeau Valley/Duncan Lake), Regional District of Central Kootenay, British Columbia, Canada"
779,114,50.112313451247,-116.71875,Project main location.lat,Project main location.lon,Area D (Lardeau Valley/Duncan Lake),British Columbia,Canada,CA,"Area D (Lardeau Valley/Duncan Lake), Regional District of Central Kootenay, British Columbia, Canada"
779,114,5.7499721,-9.3658524,Additional project location.lat,Additional project location.lon,Central Rivercess,Rivercess County,Liberia,LR,"Central Rivercess, Rivercess County, Liberia"
